bin,bank,card_type,card_level,country,notes
341261,,CREDIT,,US,
370034,WELLS FARGO,CREDIT,PERSONAL GREEN REVOLVE,US,PERSONAL GREEN REVOLVE WELLS FARGO
370194,,CREDIT,,US,
370309,,CREDIT,,US,
370310,AMERICAN EXPRESS COMPANY US,CREDIT,,US,AMERICAN EXPRESS COMPANY US
371033,AMERICAN EXPRESS US CONSUMER,CREDIT,PERSONAL,US,PERSONAL AMERICAN EXPRESS US CONSUMER
371240,AMERICAN EXPRESS US CONSUMER,CREDIT,GOLD,US,GOLD AMERICAN EXPRESS US CONSUMER
371243,AMERICAN EXPRESS US CONSUMER,CREDIT,GOLD,US,GOLD AMERICAN EXPRESS US CONSUMER
371244,AMERICAN EXPRESS US CONSUMER,CREDIT,GOLD,US,GOLD AMERICAN EXPRESS US CONSUMER
371247,AMERICAN EXPRESS US CONSUMER,CREDIT,GOLD,US,GOLD AMERICAN EXPRESS US CONSUMER
371273,AMERICAN EXPRESS US CONSUMER,CREDIT,REVOLVE,US,REVOLVE AMERICAN EXPRESS US CONSUMER
371275,AMERICAN EXPRESS US CONSUMER,CREDIT,REVOLVE,US,REVOLVE AMERICAN EXPRESS US CONSUMER
371285,AMERICAN EXPRESS US CONSUMER,CREDIT,CCSG US CONSUMER REVOLVE,US,CCSG US CONSUMER REVOLVE AMERICAN EXPRESS US CONSUMER
371288,AMERICAN EXPRESS US CONSUMER,CREDIT,CCSG US CONSUMER REVOLVE,US,CCSG US CONSUMER REVOLVE AMERICAN EXPRESS US CONSUMER
371300,AMERICAN EXPRESS US CONSUMER,CREDIT,GOLD,US,GOLD AMERICAN EXPRESS US CONSUMER
371301,AMERICAN EXPRESS US CONSUMER,CREDIT,GOLD,US,GOLD AMERICAN EXPRESS US CONSUMER
371303,AMERICAN EXPRESS US CONSUMER,CREDIT,GOLD,US,GOLD AMERICAN EXPRESS US CONSUMER
371306,AMERICAN EXPRESS US CONSUMER,CREDIT,GOLD,US,GOLD AMERICAN EXPRESS US CONSUMER
371308,AMERICAN EXPRESS US CONSUMER,CREDIT,GOLD,US,GOLD AMERICAN EXPRESS US CONSUMER
371319,AMERICAN EXPRESS US CONSUMER,CREDIT,CONSUMER REVOLVE,US,CONSUMER REVOLVE AMERICAN EXPRESS US CONSUMER
371327,AMERICAN EXPRESS US CONSUMER,CREDIT,CONSUMER REVOLVE,US,CONSUMER REVOLVE AMERICAN EXPRESS US CONSUMER
371329,AMERICAN EXPRESS US CONSUMER,CREDIT,CONSUMER REVOLVE,US,CONSUMER REVOLVE AMERICAN EXPRESS US CONSUMER
371333,AMERICAN EXPRESS US CONSUMER,CREDIT,CONSUMER LIMITS EXPANSION,US,CONSUMER LIMITS EXPANSION AMERICAN EXPRESS US CONSUMER
371334,AMERICAN EXPRESS US CONSUMER,CREDIT,CONSUMER LIMITS EXPANSION,US,CONSUMER LIMITS EXPANSION AMERICAN EXPRESS US CONSUMER
371521,AMERICAN EXPRESS US CONSUMER,CREDIT,CCSG US CONSUMER REVOLVE,US,CCSG US CONSUMER REVOLVE AMERICAN EXPRESS US CONSUMER
371527,AMERICAN EXPRESS US CONSUMER,CREDIT,CCSG US CONSUMER REVOLVE,US,CCSG US CONSUMER REVOLVE AMERICAN EXPRESS US CONSUMER
371583,AMERICAN EXPRESS US CONSUMER,CREDIT,PERSONAL GREEN REVOLVE,US,PERSONAL GREEN REVOLVE AMERICAN EXPRESS US CONSUMER
371587,AMERICAN EXPRESS US CONSUMER,CREDIT,PERSONAL GREEN REVOLVE,US,PERSONAL GREEN REVOLVE AMERICAN EXPRESS US CONSUMER
371699,AMERICAN EXPRESS US CONSUMER,CREDIT,PERSONAL BLACK CHARGE,US,PERSONAL BLACK CHARGE AMERICAN EXPRESS US CONSUMER
371707,AMERICAN EXPRESS US CONSUMER,CREDIT,CONSUMER CHARGE,US,CONSUMER CHARGE AMERICAN EXPRESS US CONSUMER
371708,AMERICAN EXPRESS US CONSUMER,CREDIT,CONSUMER CHARGE,US,CONSUMER CHARGE AMERICAN EXPRESS US CONSUMER
371709,AMERICAN EXPRESS US CONSUMER,CREDIT,CONSUMER CHARGE,US,CONSUMER CHARGE AMERICAN EXPRESS US CONSUMER
371716,AMERICAN EXPRESS US CONSUMER,CREDIT,CONSUMER CHARGE,US,CONSUMER CHARGE AMERICAN EXPRESS US CONSUMER
371720,AMERICAN EXPRESS US CONSUMER,CREDIT,GOLD,US,GOLD AMERICAN EXPRESS US CONSUMER
371721,AMERICAN EXPRESS US CONSUMER,CREDIT,GOLD,US,GOLD AMERICAN EXPRESS US CONSUMER
371726,AMERICAN EXPRESS US CONSUMER,CREDIT,GOLD,US,GOLD AMERICAN EXPRESS US CONSUMER
371727,AMERICAN EXPRESS US CONSUMER,CREDIT,GOLD,US,GOLD AMERICAN EXPRESS US CONSUMER
371728,AMERICAN EXPRESS US CONSUMER,CREDIT,GOLD,US,GOLD AMERICAN EXPRESS US CONSUMER
371740,AMERICAN EXPRESS US CONSUMER,CREDIT,CONSUMER REVOLVE,US,CONSUMER REVOLVE AMERICAN EXPRESS US CONSUMER
371741,AMERICAN EXPRESS US CONSUMER,CREDIT,CONSUMER REVOLVE,US,CONSUMER REVOLVE AMERICAN EXPRESS US CONSUMER
371745,AMERICAN EXPRESS US CONSUMER,CREDIT,CONSUMER REVOLVE,US,CONSUMER REVOLVE AMERICAN EXPRESS US CONSUMER
371746,AMERICAN EXPRESS US CONSUMER,CREDIT,CONSUMER REVOLVE,US,CONSUMER REVOLVE AMERICAN EXPRESS US CONSUMER
371906,AMERICAN EXPRESS US CONSUMER,CREDIT,PERSONAL,US,PERSONAL AMERICAN EXPRESS US CONSUMER
372056,AMERICAN EXPRESS US CONSUMER,CREDIT,PERSONAL,US,PERSONAL AMERICAN EXPRESS US CONSUMER
372076,AMERICAN EXPRESS US CONSUMER,CREDIT,PERSONAL,US,PERSONAL AMERICAN EXPRESS US CONSUMER
372081,AMERICAN EXPRESS US CONSUMER,CREDIT,PERSONAL,US,PERSONAL AMERICAN EXPRESS US CONSUMER
372151,AMERICAN EXPRESS US CONSUMER,CREDIT,PERSONAL,US,PERSONAL AMERICAN EXPRESS US CONSUMER
372153,AMERICAN EXPRESS US CONSUMER,CREDIT,PERSONAL,US,PERSONAL AMERICAN EXPRESS US CONSUMER
372241,AMERICAN EXPRESS COMPANY,CREDIT,,US,AMERICAN EXPRESS COMPANY
372242,AMERICAN EXPRESS COMPANY,CREDIT,,US,AMERICAN EXPRESS COMPANY
372243,AMERICAN EXPRESS COMPANY,CREDIT,,US,AMERICAN EXPRESS COMPANY
372244,AMERICAN EXPRESS COMPANY,CREDIT,,US,AMERICAN EXPRESS COMPANY
372245,AMERICAN EXPRESS COMPANY,CREDIT,,US,AMERICAN EXPRESS COMPANY
372246,AMERICAN EXPRESS COMPANY,CREDIT,,US,AMERICAN EXPRESS COMPANY
372248,AMERICAN EXPRESS COMPANY,CREDIT,,US,AMERICAN EXPRESS COMPANY
372249,AMERICAN EXPRESS COMPANY,CREDIT,,US,AMERICAN EXPRESS COMPANY
372270,AMERICAN EXPRESS COMPANY,CREDIT,,US,AMERICAN EXPRESS COMPANY
372271,AMERICAN EXPRESS COMPANY,CREDIT,,US,AMERICAN EXPRESS COMPANY
372273,AMERICAN EXPRESS COMPANY,CREDIT,,US,AMERICAN EXPRESS COMPANY
372274,AMERICAN EXPRESS COMPANY,CREDIT,,US,AMERICAN EXPRESS COMPANY
372275,AMERICAN EXPRESS COMPANY,CREDIT,,US,AMERICAN EXPRESS COMPANY
372276,AMERICAN EXPRESS COMPANY,CREDIT,,US,AMERICAN EXPRESS COMPANY
372277,AMERICAN EXPRESS COMPANY,CREDIT,,US,AMERICAN EXPRESS COMPANY
372278,AMERICAN EXPRESS COMPANY,CREDIT,,US,AMERICAN EXPRESS COMPANY
372279,AMERICAN EXPRESS COMPANY,CREDIT,,US,AMERICAN EXPRESS COMPANY
372296,AMERICAN EXPRESS COMPANY,CREDIT,,US,AMERICAN EXPRESS COMPANY
372297,AMERICAN EXPRESS COMPANY,CREDIT,,US,AMERICAN EXPRESS COMPANY
372298,AMERICAN EXPRESS COMPANY,CREDIT,,US,AMERICAN EXPRESS COMPANY
372324,AMERICAN EXPRESS US CONSUMER,CREDIT,CONSUMER LENDING,US,CONSUMER LENDING AMERICAN EXPRESS US CONSUMER
372327,AMERICAN EXPRESS US CONSUMER,CREDIT,CONSUMER LENDING,US,CONSUMER LENDING AMERICAN EXPRESS US CONSUMER
372329,AMERICAN EXPRESS US CONSUMER,CREDIT,CONSUMER LENDING,US,CONSUMER LENDING AMERICAN EXPRESS US CONSUMER
372353,AMERICAN EXPRESS US CONSUMER,CREDIT,CONSUMER REVOLVE,US,CONSUMER REVOLVE AMERICAN EXPRESS US CONSUMER
372391,AMERICAN EXPRESS US CONSUMER,CREDIT,CONSUMER REVOLVE,US,CONSUMER REVOLVE AMERICAN EXPRESS US CONSUMER
372412,AMERICAN EXPRESS US CONSUMER,CREDIT,PERSONAL,US,PERSONAL AMERICAN EXPRESS US CONSUMER
372500,AMERICAN EXPRESS US CONSUMER,CREDIT,OPTIMA,US,OPTIMA AMERICAN EXPRESS US CONSUMER
372520,AMERICAN EXPRESS US CONSUMER,CREDIT,OPTIMA,US,OPTIMA AMERICAN EXPRESS US CONSUMER
372521,AMERICAN EXPRESS US CONSUMER,CREDIT,OPTIMA,US,OPTIMA AMERICAN EXPRESS US CONSUMER
372524,AMERICAN EXPRESS US CONSUMER,CREDIT,OPTIMA,US,OPTIMA AMERICAN EXPRESS US CONSUMER
372525,AMERICAN EXPRESS US CONSUMER,CREDIT,OPTIMA,US,OPTIMA AMERICAN EXPRESS US CONSUMER
372535,AMERICAN EXPRESS US CONSUMER,CREDIT,OPTIMA,US,OPTIMA AMERICAN EXPRESS US CONSUMER
372536,AMERICAN EXPRESS US CONSUMER,CREDIT,OPTIMA,US,OPTIMA AMERICAN EXPRESS US CONSUMER
372537,AMERICAN EXPRESS US CONSUMER,CREDIT,OPTIMA,US,OPTIMA AMERICAN EXPRESS US CONSUMER
372545,AMERICAN EXPRESS US CONSUMER,CREDIT,OPTIMA,US,OPTIMA AMERICAN EXPRESS US CONSUMER
372550,AMERICAN EXPRESS US CONSUMER,CREDIT,LOYALTY CARD,US,LOYALTY CARD AMERICAN EXPRESS US CONSUMER
372552,AMERICAN EXPRESS US CONSUMER,CREDIT,CONSUMER LENDING,US,CONSUMER LENDING AMERICAN EXPRESS US CONSUMER
372554,AMERICAN EXPRESS US CONSUMER,CREDIT,CONSUMER LENDING,US,CONSUMER LENDING AMERICAN EXPRESS US CONSUMER
372571,AMERICAN EXPRESS US CONSUMER,CREDIT,CONSUMER LENDING,US,CONSUMER LENDING AMERICAN EXPRESS US CONSUMER
372576,AMERICAN EXPRESS US CONSUMER,CREDIT,CONSUMER LENDING,US,CONSUMER LENDING AMERICAN EXPRESS US CONSUMER
372579,AMERICAN EXPRESS US CONSUMER,CREDIT,CONSUMER LENDING,US,CONSUMER LENDING AMERICAN EXPRESS US CONSUMER
372582,AMERICAN EXPRESS US CONSUMER,CREDIT,CONSUMER LENDING,US,CONSUMER LENDING AMERICAN EXPRESS US CONSUMER
372583,AMERICAN EXPRESS US CONSUMER,CREDIT,CONSUMER LENDING,US,CONSUMER LENDING AMERICAN EXPRESS US CONSUMER
372584,AMERICAN EXPRESS US CONSUMER,CREDIT,CONSUMER LENDING,US,CONSUMER LENDING AMERICAN EXPRESS US CONSUMER
372587,AMERICAN EXPRESS US CONSUMER,CREDIT,CONSUMER LENDING,US,CONSUMER LENDING AMERICAN EXPRESS US CONSUMER
372588,AMERICAN EXPRESS US CONSUMER,CREDIT,CONSUMER LENDING,US,CONSUMER LENDING AMERICAN EXPRESS US CONSUMER
372651,AMERICAN EXPRESS US CONSUMER,CREDIT,PERSONAL GREEN REVOLVE,US,PERSONAL GREEN REVOLVE AMERICAN EXPRESS US CONSUMER
372654,AMERICAN EXPRESS US CONSUMER,CREDIT,PERSONAL GREEN REVOLVE,US,PERSONAL GREEN REVOLVE AMERICAN EXPRESS US CONSUMER
372655,AMERICAN EXPRESS US CONSUMER,CREDIT,PERSONAL GREEN REVOLVE,US,PERSONAL GREEN REVOLVE AMERICAN EXPRESS US CONSUMER
372658,AMERICAN EXPRESS US CONSUMER,CREDIT,PERSONAL GREEN CHARGE,US,PERSONAL GREEN CHARGE AMERICAN EXPRESS US CONSUMER
372659,AMERICAN EXPRESS US CONSUMER,CREDIT,PERSONAL GREEN CHARGE,US,PERSONAL GREEN CHARGE AMERICAN EXPRESS US CONSUMER
372742,"SERVE VIRTUAL ENTERPRISE, INC.",DEBIT,PREPAID RELOADABLE,US,"PREPAID RELOADABLE SERVE VIRTUAL ENTERPRISE, INC."
372761,AMERICAN EXPRESS US CONSUMER,CREDIT,GOLD,US,GOLD AMERICAN EXPRESS US CONSUMER
372763,AMERICAN EXPRESS US CONSUMER,CREDIT,GOLD,US,GOLD AMERICAN EXPRESS US CONSUMER
372791,AMERICAN EXPRESS US CONSUMER,CREDIT,GOLD,US,GOLD AMERICAN EXPRESS US CONSUMER
372808,AMERICAN EXPRESS US CONSUMER,CREDIT,GOLD,US,GOLD AMERICAN EXPRESS US CONSUMER
372829,AMERICAN EXPRESS US CONSUMER,CREDIT,GOLD,US,GOLD AMERICAN EXPRESS US CONSUMER
372853,AMERICAN EXPRESS US CONSUMER,CREDIT,GOLD,US,GOLD AMERICAN EXPRESS US CONSUMER
372865,AMERICAN EXPRESS US CONSUMER,CREDIT,GOLD,US,GOLD AMERICAN EXPRESS US CONSUMER
372867,AMERICAN EXPRESS US CONSUMER,CREDIT,GOLD,US,GOLD AMERICAN EXPRESS US CONSUMER
372870,AMERICAN EXPRESS US CONSUMER,CREDIT,GOLD,US,GOLD AMERICAN EXPRESS US CONSUMER
372881,AMERICAN EXPRESS US CONSUMER,CREDIT,GOLD,US,GOLD AMERICAN EXPRESS US CONSUMER
372882,AMERICAN EXPRESS US CONSUMER,CREDIT,GOLD,US,GOLD AMERICAN EXPRESS US CONSUMER
372886,AMERICAN EXPRESS US CONSUMER,CREDIT,GOLD,US,GOLD AMERICAN EXPRESS US CONSUMER
373113,AMERICAN EXPRESS US CONSUMER,CREDIT,PERSONAL,US,PERSONAL AMERICAN EXPRESS US CONSUMER
373135,AMERICAN EXPRESS US CONSUMER,CREDIT,PERSONAL,US,PERSONAL AMERICAN EXPRESS US CONSUMER
373170,AMERICAN EXPRESS US CONSUMER,CREDIT,PERSONAL,US,PERSONAL AMERICAN EXPRESS US CONSUMER
373193,AMERICAN EXPRESS US CONSUMER,CREDIT,PERSONAL,US,PERSONAL AMERICAN EXPRESS US CONSUMER
373198,AMERICAN EXPRESS US CONSUMER,CREDIT,PERSONAL,US,PERSONAL AMERICAN EXPRESS US CONSUMER
373228,AMERICAN EXPRESS US CONSUMER,CREDIT,PERSONAL,US,PERSONAL AMERICAN EXPRESS US CONSUMER
373702,AMERICAN EXPRESS US CONSUMER,CREDIT,OPTIMA,US,OPTIMA AMERICAN EXPRESS US CONSUMER
373706,AMERICAN EXPRESS US CONSUMER,CREDIT,OPTIMA,US,OPTIMA AMERICAN EXPRESS US CONSUMER
373716,AMERICAN EXPRESS US CONSUMER,CREDIT,OPTIMA,US,OPTIMA AMERICAN EXPRESS US CONSUMER
373728,AMERICAN EXPRESS US CONSUMER,CREDIT,OPTIMA,US,OPTIMA AMERICAN EXPRESS US CONSUMER
373748,AMERICAN EXPRESS US CONSUMER,CREDIT,OPTIMA,US,OPTIMA AMERICAN EXPRESS US CONSUMER
373762,AMERICAN EXPRESS US CONSUMER,CREDIT,OPTIMA,US,OPTIMA AMERICAN EXPRESS US CONSUMER
373764,AMERICAN EXPRESS US CONSUMER,CREDIT,OPTIMA,US,OPTIMA AMERICAN EXPRESS US CONSUMER
373783,AMERICAN EXPRESS COMPANY,CREDIT,OPTIMA,US,OPTIMA AMERICAN EXPRESS COMPANY
373799,AMERICAN EXPRESS COMPANY,CREDIT,OPTIMA,US,OPTIMA AMERICAN EXPRESS COMPANY
373909,AMERICAN EXPRESS US CONSUMER,CREDIT,PERSONAL,US,PERSONAL AMERICAN EXPRESS US CONSUMER
373910,AMERICAN EXPRESS US CONSUMER,CREDIT,PERSONAL,US,PERSONAL AMERICAN EXPRESS US CONSUMER
373911,AMERICAN EXPRESS US CONSUMER,CREDIT,PERSONAL,US,PERSONAL AMERICAN EXPRESS US CONSUMER
373912,AMERICAN EXPRESS US CONSUMER,CREDIT,PERSONAL,US,PERSONAL AMERICAN EXPRESS US CONSUMER
373915,AMERICAN EXPRESS US CONSUMER,CREDIT,PERSONAL,US,PERSONAL AMERICAN EXPRESS US CONSUMER
373958,AMERICAN EXPRESS US CONSUMER,CREDIT,PERSONAL,US,PERSONAL AMERICAN EXPRESS US CONSUMER
373963,AMERICAN EXPRESS US CONSUMER,CREDIT,GOLD,US,GOLD AMERICAN EXPRESS US CONSUMER
373967,AMERICAN EXPRESS US CONSUMER,CREDIT,PERSONAL,US,PERSONAL AMERICAN EXPRESS US CONSUMER
373969,AMERICAN EXPRESS US CONSUMER,CREDIT,PERSONAL,US,PERSONAL AMERICAN EXPRESS US CONSUMER
373980,AMERICAN EXPRESS US CONSUMER,CREDIT,OPTIMA,US,OPTIMA AMERICAN EXPRESS US CONSUMER
374327,AEPREPAID,DEBIT,PREPAID,US,PREPAID AEPREPAID
374355,USAA,CREDIT,PERSONAL GREEN REVOLVE,US,PERSONAL GREEN REVOLVE USAA
375150,TRS GLOBAL PREPAID/SERVE PLATFORM,DEBIT,PREPAID RELOADABLE,US,PREPAID RELOADABLE TRS GLOBAL PREPAID/SERVE PLATFORM
376733,AMERICAN EXPRESS US CONSUMER,CREDIT,OPEN LENDING,US,OPEN LENDING AMERICAN EXPRESS US CONSUMER
376734,AMERICAN EXPRESS US CONSUMER,CREDIT,OPEN LENDING,US,OPEN LENDING AMERICAN EXPRESS US CONSUMER
376735,AMERICAN EXPRESS US CONSUMER,CREDIT,OPEN LENDING,US,OPEN LENDING AMERICAN EXPRESS US CONSUMER
376737,AMERICAN EXPRESS US CONSUMER,CREDIT,OPEN LENDING,US,OPEN LENDING AMERICAN EXPRESS US CONSUMER
376738,AMERICAN EXPRESS US CONSUMER,CREDIT,OPEN LENDING,US,OPEN LENDING AMERICAN EXPRESS US CONSUMER
376742,AMERICAN EXPRESS US CONSUMER,CREDIT,OPEN CHARGE,US,OPEN CHARGE AMERICAN EXPRESS US CONSUMER
376745,AMERICAN EXPRESS US CONSUMER,CREDIT,OPEN CHARGE,US,OPEN CHARGE AMERICAN EXPRESS US CONSUMER
376747,AMERICAN EXPRESS US CONSUMER,CREDIT,OPEN CHARGE,US,OPEN CHARGE AMERICAN EXPRESS US CONSUMER
376765,AMERICAN EXPRESS US CONSUMER,CREDIT,CONSUMER CHARGE,US,CONSUMER CHARGE AMERICAN EXPRESS US CONSUMER
376767,AMERICAN EXPRESS US CONSUMER,CREDIT,CONSUMER CHARGE,US,CONSUMER CHARGE AMERICAN EXPRESS US CONSUMER
376768,AMERICAN EXPRESS US CONSUMER,CREDIT,CONSUMER CHARGE,US,CONSUMER CHARGE AMERICAN EXPRESS US CONSUMER
376777,AMERICAN EXPRESS US CONSUMER,CREDIT,CONSUMER CHARGE,US,CONSUMER CHARGE AMERICAN EXPRESS US CONSUMER
376778,AMERICAN EXPRESS US CONSUMER,CREDIT,CONSUMER CHARGE,US,CONSUMER CHARGE AMERICAN EXPRESS US CONSUMER
376780,AMERICAN EXPRESS US CONSUMER,CREDIT,CONSUMER CHARGE,US,CONSUMER CHARGE AMERICAN EXPRESS US CONSUMER
376782,AMERICAN EXPRESS US CONSUMER,CREDIT,CONSUMER CHARGE,US,CONSUMER CHARGE AMERICAN EXPRESS US CONSUMER
376783,AMERICAN EXPRESS US CONSUMER,CREDIT,CONSUMER CHARGE,US,CONSUMER CHARGE AMERICAN EXPRESS US CONSUMER
376790,AMERICAN EXPRESS US CONSUMER,CREDIT,CONSUMER CHARGE,US,CONSUMER CHARGE AMERICAN EXPRESS US CONSUMER
376792,AMERICAN EXPRESS US CONSUMER,CREDIT,CONSUMER CHARGE,US,CONSUMER CHARGE AMERICAN EXPRESS US CONSUMER
377211,AMERICAN EXPRESS US CONSUMER,CREDIT,CONSUMER LENDING,US,CONSUMER LENDING AMERICAN EXPRESS US CONSUMER
377217,AMERICAN EXPRESS US CONSUMER,CREDIT,CONSUMER LENDING,US,CONSUMER LENDING AMERICAN EXPRESS US CONSUMER
377221,AMERICAN EXPRESS US CONSUMER,CREDIT,CONSUMER LENDING,US,CONSUMER LENDING AMERICAN EXPRESS US CONSUMER
377225,AMERICAN EXPRESS US CONSUMER,CREDIT,CONSUMER LENDING,US,CONSUMER LENDING AMERICAN EXPRESS US CONSUMER
377228,AMERICAN EXPRESS US CONSUMER,CREDIT,CONSUMER LENDING,US,CONSUMER LENDING AMERICAN EXPRESS US CONSUMER
377235,AMERICAN EXPRESS US CONSUMER,CREDIT,CONSUMER LENDING,US,CONSUMER LENDING AMERICAN EXPRESS US CONSUMER
377238,AMERICAN EXPRESS US CONSUMER,CREDIT,CONSUMER LENDING,US,CONSUMER LENDING AMERICAN EXPRESS US CONSUMER
377245,AMERICAN EXPRESS US CONSUMER,CREDIT,CONSUMER LENDING,US,CONSUMER LENDING AMERICAN EXPRESS US CONSUMER
377246,AMERICAN EXPRESS US CONSUMER,CREDIT,CONSUMER LENDING,US,CONSUMER LENDING AMERICAN EXPRESS US CONSUMER
377248,AMERICAN EXPRESS US CONSUMER,CREDIT,CONSUMER LENDING,US,CONSUMER LENDING AMERICAN EXPRESS US CONSUMER
377249,AMERICAN EXPRESS US CONSUMER,CREDIT,CONSUMER LENDING,US,CONSUMER LENDING AMERICAN EXPRESS US CONSUMER
377253,AMERICAN EXPRESS US CONSUMER,CREDIT,CONSUMER LENDING,US,CONSUMER LENDING AMERICAN EXPRESS US CONSUMER
377254,AMERICAN EXPRESS US CONSUMER,CREDIT,CONSUMER LENDING,US,CONSUMER LENDING AMERICAN EXPRESS US CONSUMER
377257,AMERICAN EXPRESS US CONSUMER,CREDIT,CONSUMER LENDING,US,CONSUMER LENDING AMERICAN EXPRESS US CONSUMER
377261,AMERICAN EXPRESS US CONSUMER,CREDIT,CONSUMER LENDING,US,CONSUMER LENDING AMERICAN EXPRESS US CONSUMER
377263,AMERICAN EXPRESS US CONSUMER,CREDIT,CONSUMER LENDING,US,CONSUMER LENDING AMERICAN EXPRESS US CONSUMER
377264,AMERICAN EXPRESS US CONSUMER,CREDIT,CONSUMER LENDING,US,CONSUMER LENDING AMERICAN EXPRESS US CONSUMER
377265,AMERICAN EXPRESS US CONSUMER,CREDIT,CONSUMER LENDING,US,CONSUMER LENDING AMERICAN EXPRESS US CONSUMER
377273,AMERICAN EXPRESS US CONSUMER,CREDIT,CONSUMER LENDING,US,CONSUMER LENDING AMERICAN EXPRESS US CONSUMER
377274,AMERICAN EXPRESS US CONSUMER,CREDIT,CONSUMER LENDING,US,CONSUMER LENDING AMERICAN EXPRESS US CONSUMER
377276,AMERICAN EXPRESS US CONSUMER,CREDIT,CONSUMER LENDING,US,CONSUMER LENDING AMERICAN EXPRESS US CONSUMER
377278,AMERICAN EXPRESS US CONSUMER,CREDIT,CONSUMER LENDING,US,CONSUMER LENDING AMERICAN EXPRESS US CONSUMER
377288,AMERICAN EXPRESS US CONSUMER,CREDIT,CONSUMER LENDING,US,CONSUMER LENDING AMERICAN EXPRESS US CONSUMER
377291,AMERICAN EXPRESS US CONSUMER,CREDIT,CONSUMER LENDING,US,CONSUMER LENDING AMERICAN EXPRESS US CONSUMER
377294,AMERICAN EXPRESS US CONSUMER,CREDIT,CONSUMER LENDING,US,CONSUMER LENDING AMERICAN EXPRESS US CONSUMER
377295,AMERICAN EXPRESS US CONSUMER,CREDIT,CONSUMER LENDING,US,CONSUMER LENDING AMERICAN EXPRESS US CONSUMER
377297,AMERICAN EXPRESS US CONSUMER,CREDIT,CONSUMER LENDING,US,CONSUMER LENDING AMERICAN EXPRESS US CONSUMER
377481,MACY'S,CREDIT,,US,MACY'S
377717,WELLS FARGO,CREDIT,PERSONAL GREEN REVOLVE,US,PERSONAL GREEN REVOLVE WELLS FARGO
377772,"SERVE VIRTUAL ENTERPRISE, INC.",DEBIT,PREPAID RELOADABLE,US,"PREPAID RELOADABLE SERVE VIRTUAL ENTERPRISE, INC."
377935,,CREDIT,,US,
377936,,CREDIT,,US,
377939,,CREDIT,,US,
377964,,CREDIT,,US,
377978,,CREDIT,,US,
377979,,CREDIT,,US,
378335,AMERICAN EXPRESS COMPANY,CREDIT,,US,AMERICAN EXPRESS COMPANY
378336,AMERICAN EXPRESS COMPANY,CREDIT,,US,AMERICAN EXPRESS COMPANY
378338,AMERICAN EXPRESS COMPANY,CREDIT,,US,AMERICAN EXPRESS COMPANY
378439,AMERICAN EXPRESS US CONSUMER,CREDIT,PERSONAL,US,PERSONAL AMERICAN EXPRESS US CONSUMER
379007,,CREDIT,,US,
379130,,CREDIT,,US,
379134,,CREDIT,,US,
379136,,CREDIT,,US,
379142,DELTA REWARDS,CREDIT,,US,DELTA REWARDS
379222,AMERICAN EXPRESS US,CREDIT,,US,AMERICAN EXPRESS US
379223,AMERICAN EXPRESS US,CREDIT,,US,AMERICAN EXPRESS US
379230,AMERICAN EXPRESS US,CREDIT,,US,AMERICAN EXPRESS US
379235,AMERICAN EXPRESS US,CREDIT,,US,AMERICAN EXPRESS US
379236,AMERICAN EXPRESS US,CREDIT,,US,AMERICAN EXPRESS US
379246,AMERICAN EXPRESS US,CREDIT,,US,AMERICAN EXPRESS US
379247,AMERICAN EXPRESS US,CREDIT,,US,AMERICAN EXPRESS US
379248,AMERICAN EXPRESS US,CREDIT,,US,AMERICAN EXPRESS US
379250,AMERICAN EXPRESS US,CREDIT,,US,AMERICAN EXPRESS US
379259,AMERICAN EXPRESS US,CREDIT,,US,AMERICAN EXPRESS US
379260,AMERICAN EXPRESS US,CREDIT,,US,AMERICAN EXPRESS US
379262,AMERICAN EXPRESS US,CREDIT,,US,AMERICAN EXPRESS US
379263,AMERICAN EXPRESS US,CREDIT,,US,AMERICAN EXPRESS US
379264,AMERICAN EXPRESS US,CREDIT,,US,AMERICAN EXPRESS US
379267,AMERICAN EXPRESS US,CREDIT,,US,AMERICAN EXPRESS US
379268,AMERICAN EXPRESS US,CREDIT,,US,AMERICAN EXPRESS US
379269,AMERICAN EXPRESS US,CREDIT,,US,AMERICAN EXPRESS US
379270,AMERICAN EXPRESS US,CREDIT,,US,AMERICAN EXPRESS US
379275,AMERICAN EXPRESS US,CREDIT,,US,AMERICAN EXPRESS US
379276,AMERICAN EXPRESS US,CREDIT,,US,AMERICAN EXPRESS US
379278,AMERICAN EXPRESS US,CREDIT,,US,AMERICAN EXPRESS US
379279,AMERICAN EXPRESS US,CREDIT,,US,AMERICAN EXPRESS US
379280,AMERICAN EXPRESS US,CREDIT,,US,AMERICAN EXPRESS US
379283,AMERICAN EXPRESS US,CREDIT,,US,AMERICAN EXPRESS US
379284,AMERICAN EXPRESS US,CREDIT,,US,AMERICAN EXPRESS US
379286,AMERICAN EXPRESS US,CREDIT,,US,AMERICAN EXPRESS US
379287,AMERICAN EXPRESS US,CREDIT,,US,AMERICAN EXPRESS US
379288,AMERICAN EXPRESS US,CREDIT,,US,AMERICAN EXPRESS US
379289,AMERICAN EXPRESS US,CREDIT,,US,AMERICAN EXPRESS US
379290,AMERICAN EXPRESS US,CREDIT,,US,AMERICAN EXPRESS US
379291,AMERICAN EXPRESS US,CREDIT,,US,AMERICAN EXPRESS US
379293,AMERICAN EXPRESS US,CREDIT,,US,AMERICAN EXPRESS US
379294,AMERICAN EXPRESS US,CREDIT,,US,AMERICAN EXPRESS US
379296,AMERICAN EXPRESS US,CREDIT,,US,AMERICAN EXPRESS US
379297,AMERICAN EXPRESS US,CREDIT,,US,AMERICAN EXPRESS US
379298,AMERICAN EXPRESS US,CREDIT,,US,AMERICAN EXPRESS US
379300,AMERICAN EXPRESS US,CREDIT,,US,AMERICAN EXPRESS US
379301,AMERICAN EXPRESS US,CREDIT,,US,AMERICAN EXPRESS US
379302,AMERICAN EXPRESS US,CREDIT,,US,AMERICAN EXPRESS US
379303,AMERICAN EXPRESS US,CREDIT,,US,AMERICAN EXPRESS US
379304,AMERICAN EXPRESS US,CREDIT,,US,AMERICAN EXPRESS US
379305,AMERICAN EXPRESS US,CREDIT,,US,AMERICAN EXPRESS US
379306,AMERICAN EXPRESS US,CREDIT,,US,AMERICAN EXPRESS US
379307,AMERICAN EXPRESS US,CREDIT,,US,AMERICAN EXPRESS US
379308,AMERICAN EXPRESS US,CREDIT,,US,AMERICAN EXPRESS US
379309,AMERICAN EXPRESS US,CREDIT,,US,AMERICAN EXPRESS US
379311,AMERICAN EXPRESS US,CREDIT,,US,AMERICAN EXPRESS US
379312,AMERICAN EXPRESS US,CREDIT,,US,AMERICAN EXPRESS US
379314,AMERICAN EXPRESS US,CREDIT,,US,AMERICAN EXPRESS US
379363,AMERICAN EXPRESS US,CREDIT,,US,AMERICAN EXPRESS US
379364,AMERICAN EXPRESS US,CREDIT,,US,AMERICAN EXPRESS US
379415,AMERICAN EXPRESS US (CARS),CREDIT,CORPORATE,US,CORPORATE AMERICAN EXPRESS US (CARS)
379550,NAVY FEDERAL C.U.,CREDIT,,US,NAVY FEDERAL C.U.
379567,AMERICAN EXPRESS US CONSUMER,CREDIT,PERSONAL REVOLVE,US,PERSONAL REVOLVE AMERICAN EXPRESS US CONSUMER
379571,AMERICAN EXPRESS US CONSUMER,CREDIT,PERSONAL REVOLVE,US,PERSONAL REVOLVE AMERICAN EXPRESS US CONSUMER
379573,AMERICAN EXPRESS US CONSUMER,CREDIT,PERSONAL REVOLVE,US,PERSONAL REVOLVE AMERICAN EXPRESS US CONSUMER
379575,AMERICAN EXPRESS US CONSUMER,CREDIT,PERSONAL REVOLVE,US,PERSONAL REVOLVE AMERICAN EXPRESS US CONSUMER
379576,AMERICAN EXPRESS US CONSUMER,CREDIT,PERSONAL REVOLVE,US,PERSONAL REVOLVE AMERICAN EXPRESS US CONSUMER
379582,AMERICAN EXPRESS US CONSUMER,CREDIT,PERSONAL REVOLVE,US,PERSONAL REVOLVE AMERICAN EXPRESS US CONSUMER
379588,AMERICAN EXPRESS US CONSUMER,CREDIT,PERSONAL REVOLVE,US,PERSONAL REVOLVE AMERICAN EXPRESS US CONSUMER
379593,AMERICAN EXPRESS US CONSUMER,CREDIT,PERSONAL REVOLVE,US,PERSONAL REVOLVE AMERICAN EXPRESS US CONSUMER
379594,AMERICAN EXPRESS US CONSUMER,CREDIT,PERSONAL REVOLVE,US,PERSONAL REVOLVE AMERICAN EXPRESS US CONSUMER
379595,AMERICAN EXPRESS US CONSUMER,CREDIT,PERSONAL REVOLVE,US,PERSONAL REVOLVE AMERICAN EXPRESS US CONSUMER
379597,AMERICAN EXPRESS US CONSUMER,CREDIT,PERSONAL REVOLVE,US,PERSONAL REVOLVE AMERICAN EXPRESS US CONSUMER
379598,AMERICAN EXPRESS US CONSUMER,CREDIT,PERSONAL REVOLVE,US,PERSONAL REVOLVE AMERICAN EXPRESS US CONSUMER
379599,AMERICAN EXPRESS US CONSUMER,CREDIT,PERSONAL REVOLVE,US,PERSONAL REVOLVE AMERICAN EXPRESS US CONSUMER
379701,AMERICAN EXPRESS US CONSUMER,CREDIT,CCSG LENDING,US,CCSG LENDING AMERICAN EXPRESS US CONSUMER
379702,AMERICAN EXPRESS US CONSUMER,CREDIT,CCSG LENDING,US,CCSG LENDING AMERICAN EXPRESS US CONSUMER
379706,AMERICAN EXPRESS US CONSUMER,CREDIT,CCSG LENDING,US,CCSG LENDING AMERICAN EXPRESS US CONSUMER
379707,AMERICAN EXPRESS US CONSUMER,CREDIT,CCSG LENDING,US,CCSG LENDING AMERICAN EXPRESS US CONSUMER
379709,AMERICAN EXPRESS US CONSUMER,CREDIT,CCSG LENDING,US,CCSG LENDING AMERICAN EXPRESS US CONSUMER
379710,AMERICAN EXPRESS US CONSUMER,CREDIT,CCSG LENDING,US,CCSG LENDING AMERICAN EXPRESS US CONSUMER
379714,AMERICAN EXPRESS US CONSUMER,CREDIT,CCSG LENDING,US,CCSG LENDING AMERICAN EXPRESS US CONSUMER
379716,AMERICAN EXPRESS US CONSUMER,CREDIT,CCSG LENDING,US,CCSG LENDING AMERICAN EXPRESS US CONSUMER
379719,AMERICAN EXPRESS US CONSUMER,CREDIT,CCSG LENDING,US,CCSG LENDING AMERICAN EXPRESS US CONSUMER
379730,AMERICAN EXPRESS US CONSUMER,CREDIT,CCSG LENDING,US,CCSG LENDING AMERICAN EXPRESS US CONSUMER
379755,AMERICAN EXPRESS US CONSUMER,CREDIT,CCSG LENDING,US,CCSG LENDING AMERICAN EXPRESS US CONSUMER
379760,AMERICAN EXPRESS US CONSUMER,CREDIT,CCSG LENDING,US,CCSG LENDING AMERICAN EXPRESS US CONSUMER
379764,AMERICAN EXPRESS US CONSUMER,CREDIT,CCSG LENDING,US,CCSG LENDING AMERICAN EXPRESS US CONSUMER
379768,AMERICAN EXPRESS US CONSUMER,CREDIT,CCSG LENDING,US,CCSG LENDING AMERICAN EXPRESS US CONSUMER
379769,AMERICAN EXPRESS US CONSUMER,CREDIT,CCSG LENDING,US,CCSG LENDING AMERICAN EXPRESS US CONSUMER
379779,AMERICAN EXPRESS US CONSUMER,CREDIT,CCSG LENDING,US,CCSG LENDING AMERICAN EXPRESS US CONSUMER
379781,AMERICAN EXPRESS US CONSUMER,CREDIT,CCSG LENDING,US,CCSG LENDING AMERICAN EXPRESS US CONSUMER
379783,AMERICAN EXPRESS US CONSUMER,CREDIT,CCSG LENDING,US,CCSG LENDING AMERICAN EXPRESS US CONSUMER
379785,AMERICAN EXPRESS US CONSUMER,CREDIT,CCSG LENDING,US,CCSG LENDING AMERICAN EXPRESS US CONSUMER
379786,AMERICAN EXPRESS US CONSUMER,CREDIT,PERSONAL REVOLVE,US,PERSONAL REVOLVE AMERICAN EXPRESS US CONSUMER
379787,AMERICAN EXPRESS US CONSUMER,CREDIT,PERSONAL REVOLVE,US,PERSONAL REVOLVE AMERICAN EXPRESS US CONSUMER
379788,AMERICAN EXPRESS US CONSUMER,CREDIT,PERSONAL REVOLVE,US,PERSONAL REVOLVE AMERICAN EXPRESS US CONSUMER
379789,AMERICAN EXPRESS US CONSUMER,CREDIT,PERSONAL REVOLVE,US,PERSONAL REVOLVE AMERICAN EXPRESS US CONSUMER
379790,AMERICAN EXPRESS US CONSUMER,CREDIT,PERSONAL REVOLVE,US,PERSONAL REVOLVE AMERICAN EXPRESS US CONSUMER
379792,AMERICAN EXPRESS US CONSUMER,CREDIT,PERSONAL REVOLVE,US,PERSONAL REVOLVE AMERICAN EXPRESS US CONSUMER
379793,AMERICAN EXPRESS US CONSUMER,CREDIT,PERSONAL REVOLVE,US,PERSONAL REVOLVE AMERICAN EXPRESS US CONSUMER
379794,AMERICAN EXPRESS US CONSUMER,CREDIT,PERSONAL REVOLVE,US,PERSONAL REVOLVE AMERICAN EXPRESS US CONSUMER
379796,AMERICAN EXPRESS US CONSUMER,CREDIT,PERSONAL REVOLVE,US,PERSONAL REVOLVE AMERICAN EXPRESS US CONSUMER
379797,AMERICAN EXPRESS US CONSUMER,CREDIT,PERSONAL REVOLVE,US,PERSONAL REVOLVE AMERICAN EXPRESS US CONSUMER
379798,AMERICAN EXPRESS US CONSUMER,CREDIT,PERSONAL REVOLVE,US,PERSONAL REVOLVE AMERICAN EXPRESS US CONSUMER
379801,AMERICAN EXPRESS US CONSUMER,CREDIT,PERSONAL REVOLVE,US,PERSONAL REVOLVE AMERICAN EXPRESS US CONSUMER
379802,AMERICAN EXPRESS US CONSUMER,CREDIT,PERSONAL REVOLVE,US,PERSONAL REVOLVE AMERICAN EXPRESS US CONSUMER
379805,AMERICAN EXPRESS US CONSUMER,CREDIT,PERSONAL REVOLVE,US,PERSONAL REVOLVE AMERICAN EXPRESS US CONSUMER
379810,AMERICAN EXPRESS US CONSUMER,CREDIT,PERSONAL REVOLVE,US,PERSONAL REVOLVE AMERICAN EXPRESS US CONSUMER
379811,AMERICAN EXPRESS US CONSUMER,CREDIT,PERSONAL REVOLVE,US,PERSONAL REVOLVE AMERICAN EXPRESS US CONSUMER
379812,AMERICAN EXPRESS US CONSUMER,CREDIT,PERSONAL REVOLVE,US,PERSONAL REVOLVE AMERICAN EXPRESS US CONSUMER
379813,AMERICAN EXPRESS US CONSUMER,CREDIT,PERSONAL REVOLVE,US,PERSONAL REVOLVE AMERICAN EXPRESS US CONSUMER
379814,AMERICAN EXPRESS US CONSUMER,CREDIT,PERSONAL REVOLVE,US,PERSONAL REVOLVE AMERICAN EXPRESS US CONSUMER
379815,AMERICAN EXPRESS US CONSUMER,CREDIT,PERSONAL REVOLVE,US,PERSONAL REVOLVE AMERICAN EXPRESS US CONSUMER
379816,AMERICAN EXPRESS US CONSUMER,CREDIT,PERSONAL REVOLVE,US,PERSONAL REVOLVE AMERICAN EXPRESS US CONSUMER
379820,AMERICAN EXPRESS US CONSUMER,CREDIT,PERSONAL REVOLVE,US,PERSONAL REVOLVE AMERICAN EXPRESS US CONSUMER
379823,AMERICAN EXPRESS US CONSUMER,CREDIT,PERSONAL REVOLVE,US,PERSONAL REVOLVE AMERICAN EXPRESS US CONSUMER
379827,AMERICAN EXPRESS US CONSUMER,CREDIT,PERSONAL REVOLVE,US,PERSONAL REVOLVE AMERICAN EXPRESS US CONSUMER
379829,AMERICAN EXPRESS US CONSUMER,CREDIT,PERSONAL REVOLVE,US,PERSONAL REVOLVE AMERICAN EXPRESS US CONSUMER
379831,AMERICAN EXPRESS US CONSUMER,CREDIT,PERSONAL REVOLVE,US,PERSONAL REVOLVE AMERICAN EXPRESS US CONSUMER
379833,AMERICAN EXPRESS US CONSUMER,CREDIT,PERSONAL REVOLVE,US,PERSONAL REVOLVE AMERICAN EXPRESS US CONSUMER
379834,AMERICAN EXPRESS US CONSUMER,CREDIT,PERSONAL REVOLVE,US,PERSONAL REVOLVE AMERICAN EXPRESS US CONSUMER
379835,AMERICAN EXPRESS US CONSUMER,CREDIT,PERSONAL REVOLVE,US,PERSONAL REVOLVE AMERICAN EXPRESS US CONSUMER
379836,AMERICAN EXPRESS US CONSUMER,CREDIT,PERSONAL REVOLVE,US,PERSONAL REVOLVE AMERICAN EXPRESS US CONSUMER
379837,AMERICAN EXPRESS US CONSUMER,CREDIT,PERSONAL REVOLVE,US,PERSONAL REVOLVE AMERICAN EXPRESS US CONSUMER
379844,AMERICAN EXPRESS US CONSUMER,CREDIT,PERSONAL REVOLVE,US,PERSONAL REVOLVE AMERICAN EXPRESS US CONSUMER
400022,NAVY F.C.U.,DEBIT,CLASSIC,US,CLASSIC NAVY F.C.U.
400165,,CREDIT,SIGNATURE,US,SIGNATURE
400177,ELGA C.U.,DEBIT,CLASSIC,US,CLASSIC ELGA C.U.
400218,BEACON C.U.,DEBIT,CLASSIC,US,CLASSIC BEACON C.U.
400226,BLACKHAWK COMMUNITY C.U.,DEBIT,CLASSIC,US,CLASSIC BLACKHAWK COMMUNITY C.U.
400231,EQUITABLE F.C.U.,DEBIT,CLASSIC,US,CLASSIC EQUITABLE F.C.U.
400298,YAMPA VALLEY BANK,DEBIT,CLASSIC,US,CLASSIC YAMPA VALLEY BANK
400344,"CAPITAL ONE BANK (USA), N.A.",CREDIT,CLASSIC,US,"CLASSIC CAPITAL ONE BANK (USA), N.A."
400354,TRUE SKY C.U.,CREDIT,CLASSIC,US,CLASSIC TRUE SKY C.U.
400519,VYSTAR C.U.,CREDIT,CLASSIC,US,CLASSIC VYSTAR C.U.
400570,FIRST FINANCIAL BANK,DEBIT,CLASSIC,US,CLASSIC FIRST FINANCIAL BANK
400636,,DEBIT,CLASSIC,US,CLASSIC
400651,HASTINGS F.C.U.,DEBIT,CLASSIC,US,CLASSIC HASTINGS F.C.U.
400732,PARK VIEW F.C.U.,CREDIT,CLASSIC,US,CLASSIC PARK VIEW F.C.U.
400765,VANTAGE BANK,DEBIT,CLASSIC,US,CLASSIC VANTAGE BANK
400767,VANTAGE BANK,DEBIT,PREPAID,US,PREPAID VANTAGE BANK
400821,"WELLS FARGO BANK, N.A.",DEBIT,CLASSIC,US,"CLASSIC WELLS FARGO BANK, N.A."
400893,PEOPLESBANK,DEBIT,CLASSIC,US,CLASSIC PEOPLESBANK
400898,"CITIBANK, N.A.",CREDIT,CLASSIC,US,"CLASSIC CITIBANK, N.A."
400899,"CITIBANK, N.A.",CREDIT,CLASSIC,US,"CLASSIC CITIBANK, N.A."
400908,METABANK,DEBIT,CLASSIC,US,CLASSIC METABANK
400966,,DEBIT,CLASSIC,US,CLASSIC
400972,CENTRAL BANK,CREDIT,CLASSIC,US,CLASSIC CENTRAL BANK
400981,NOTRE DAME F.C.U.,DEBIT,CLASSIC,US,CLASSIC NOTRE DAME F.C.U.
400982,FORT BRAGG F.C.U.,DEBIT,CLASSIC,US,CLASSIC FORT BRAGG F.C.U.
401105,PENTAGON F.C.U.,DEBIT,CLASSIC,US,CLASSIC PENTAGON F.C.U.
401106,MCCOY F.C.U.,DEBIT,CLASSIC,US,CLASSIC MCCOY F.C.U.
401116,SUMMIT F.C.U.,CREDIT,CLASSIC,US,CLASSIC SUMMIT F.C.U.
401119,VALLEY STRONG C.U.,DEBIT,CLASSIC,US,CLASSIC VALLEY STRONG C.U.
401135,"CHASE BANK USA, N.A.",CREDIT,CLASSIC,US,"CLASSIC CHASE BANK USA, N.A."
401139,COMMUNICATION F.C.U.,DEBIT,CLASSIC,US,CLASSIC COMMUNICATION F.C.U.
401154,VYSTAR C.U.,DEBIT,CLASSIC,US,CLASSIC VYSTAR C.U.
401159,PUBLIX EMPLOYEES F.C.U.,CREDIT,CLASSIC,US,CLASSIC PUBLIX EMPLOYEES F.C.U.
401160,COMMUNITY C.U.,DEBIT,CLASSIC,US,CLASSIC COMMUNITY C.U.
401162,QUAD CITY BANK AND TRUST COMPANY,DEBIT,BUSINESS,US,BUSINESS QUAD CITY BANK AND TRUST COMPANY
401164,FIRST NATIONAL BANK OF PENNSYLVANIA,DEBIT,CLASSIC,US,CLASSIC FIRST NATIONAL BANK OF PENNSYLVANIA
401170,MECE C.U.,DEBIT,CLASSIC,US,CLASSIC MECE C.U.
401171,DELTA COMMUNITY C.U.,DEBIT,CLASSIC,US,CLASSIC DELTA COMMUNITY C.U.
401183,DALLAS CAPITAL BANK,DEBIT,CLASSIC,US,CLASSIC DALLAS CAPITAL BANK
401195,DIAMOND C.U.,DEBIT,CLASSIC,US,CLASSIC DIAMOND C.U.
401302,MEMBERS COMMUNITY CREDIT UNION,DEBIT,CLASSIC,US,CLASSIC MEMBERS COMMUNITY CREDIT UNION
401532,FIRST NATIONAL BANK OF OMAHA,CREDIT,CLASSIC,US,CLASSIC FIRST NATIONAL BANK OF OMAHA
401543,M&T BANK,DEBIT,CLASSIC,US,CLASSIC M&T BANK
401644,LAND OF LINCOLN C.U.,DEBIT,CLASSIC,US,CLASSIC LAND OF LINCOLN C.U.
401659,"COMPUTER SERVICES, INC.",DEBIT,CLASSIC,US,"CLASSIC COMPUTER SERVICES, INC."
401660,ALABAMA TEACHERS C.U.,DEBIT,CLASSIC,US,CLASSIC ALABAMA TEACHERS C.U.
401670,"WELLS FARGO BANK, N.A.",DEBIT,CLASSIC,US,"CLASSIC WELLS FARGO BANK, N.A."
401719,CHELSEA GROTON BANK,DEBIT,CLASSIC,US,CLASSIC CHELSEA GROTON BANK
401724,1ST FINANCIAL BANK USA,CREDIT,CLASSIC,US,CLASSIC 1ST FINANCIAL BANK USA
401741,GESA C.U.,CREDIT,CLASSIC,US,CLASSIC GESA C.U.
401777,"TD BANK, N.A.",DEBIT,CLASSIC,US,"CLASSIC TD BANK, N.A."
401790,FAMILY TRUST F.C.U.,CREDIT,CLASSIC,US,CLASSIC FAMILY TRUST F.C.U.
401826,BANK OF CLARKE COUNTY,DEBIT,CLASSIC,US,CLASSIC BANK OF CLARKE COUNTY
401842,FIRST BANK & TRUST CO.,DEBIT,CLASSIC,US,CLASSIC FIRST BANK & TRUST CO.
401874,MUNCY BANK AND TRUST COMPANY,DEBIT,CLASSIC,US,CLASSIC MUNCY BANK AND TRUST COMPANY
401921,"WELLS FARGO BANK, N.A.",DEBIT,PREPAID,US,"PREPAID WELLS FARGO BANK, N.A."
401946,POWELL VALLEY NATIONAL BANK,DEBIT,CLASSIC,US,CLASSIC POWELL VALLEY NATIONAL BANK
401982,LA CAPITOL F.C.U.,DEBIT,CLASSIC,US,CLASSIC LA CAPITOL F.C.U.
401986,LEE BANK AND TRUST COMPANY,DEBIT,CLASSIC,US,CLASSIC LEE BANK AND TRUST COMPANY
401987,FIRST PRIORITY C.U.,DEBIT,CLASSIC,US,CLASSIC FIRST PRIORITY C.U.
402011,SUSQUEHANNA VALLEY F.C.U.,DEBIT,CLASSIC,US,CLASSIC SUSQUEHANNA VALLEY F.C.U.
402018,"FIFTH THIRD BANK, THE",DEBIT,PREPAID,US,"PREPAID FIFTH THIRD BANK, THE"
402047,STATE EMPLOYEES' C.U.,DEBIT,CLASSIC,US,CLASSIC STATE EMPLOYEES' C.U.
402066,COASTAL C.U.,DEBIT,CLASSIC,US,CLASSIC COASTAL C.U.
402070,BANK OF CHARLES TOWN,DEBIT,CLASSIC,US,CLASSIC BANK OF CHARLES TOWN
402087,FIRST BANK & TRUST CO.,DEBIT,CLASSIC,US,CLASSIC FIRST BANK & TRUST CO.
402109,PROPONENT F.C.U,DEBIT,CLASSIC,US,CLASSIC PROPONENT F.C.U
402140,PENNIAN BANK,DEBIT,CLASSIC,US,CLASSIC PENNIAN BANK
402154,NEBRASKA STATE BANK,DEBIT,CLASSIC,US,CLASSIC NEBRASKA STATE BANK
402187,JEFFERSON SECURITY BANK,DEBIT,CLASSIC,US,CLASSIC JEFFERSON SECURITY BANK
402201,THE HAMILTON BANK,DEBIT,CLASSIC,US,CLASSIC THE HAMILTON BANK
402202,FIRST INDEPENDENT BANK,DEBIT,CLASSIC,US,CLASSIC FIRST INDEPENDENT BANK
402203,NORTHWEST BANK,DEBIT,CLASSIC,US,CLASSIC NORTHWEST BANK
402213,STATE STREET BANK AND TRUST COMPANY,DEBIT,CLASSIC,US,CLASSIC STATE STREET BANK AND TRUST COMPANY
402214,ME BANKING,DEBIT,CLASSIC,US,CLASSIC ME BANKING
402218,FIRST NATIONAL BANKING COMPANY,DEBIT,CLASSIC,US,CLASSIC FIRST NATIONAL BANKING COMPANY
402282,SHARONVIEW F.C.U.,DEBIT,CLASSIC,US,CLASSIC SHARONVIEW F.C.U.
402293,PATHFINDER BANK,DEBIT,CLASSIC,US,CLASSIC PATHFINDER BANK
402321,UNION BANK & TRUST,DEBIT,CLASSIC,US,CLASSIC UNION BANK & TRUST
402347,MOUNTAIN AMERICA C.U.,DEBIT,CLASSIC,US,CLASSIC MOUNTAIN AMERICA C.U.
402348,MOUNTAIN AMERICA C.U.,CREDIT,CLASSIC,US,CLASSIC MOUNTAIN AMERICA C.U.
402432,,DEBIT,CLASSIC,US,CLASSIC
402461,MID PENN BANK,DEBIT,CLASSIC,US,CLASSIC MID PENN BANK
402464,BANK OF THE OZARKS,DEBIT,CLASSIC,US,CLASSIC BANK OF THE OZARKS
402607,UNITUS COMMUNITY C.U.,CREDIT,CLASSIC,US,CLASSIC UNITUS COMMUNITY C.U.
402626,FIRST STATE BANK OF RED WING,DEBIT,CLASSIC,US,CLASSIC FIRST STATE BANK OF RED WING
402675,FREMONT F.C.U.,DEBIT,CLASSIC,US,CLASSIC FREMONT F.C.U.
402779,,DEBIT,CLASSIC,US,CLASSIC
402826,DIGITAL F.C.U.,CREDIT,CLASSIC,US,CLASSIC DIGITAL F.C.U.
402861,CAPITAL C.U.,DEBIT,CLASSIC,US,CLASSIC CAPITAL C.U.
402944,"TD BANK, N.A.",DEBIT,CLASSIC,US,"CLASSIC TD BANK, N.A."
403015,"U.S. BANK, N.A.",DEBIT,PREPAID,US,"PREPAID U.S. BANK, N.A."
403057,,DEBIT,PREPAID,US,PREPAID
403058,HERITAGE FAMILY C.U.,DEBIT,CLASSIC,US,CLASSIC HERITAGE FAMILY C.U.
403103,EDUCATIONAL SYSTEMS F.C.U.,DEBIT,CLASSIC,US,CLASSIC EDUCATIONAL SYSTEMS F.C.U.
403142,UNIVERSITY C.U.,DEBIT,CLASSIC,US,CLASSIC UNIVERSITY C.U.
403161,FORT FINANCIAL C.U.,CREDIT,CLASSIC,US,CLASSIC FORT FINANCIAL C.U.
403163,,DEBIT,PREPAID,US,PREPAID
403164,CITIZENS COMMUNITY FEDERAL,DEBIT,CLASSIC,US,CLASSIC CITIZENS COMMUNITY FEDERAL
403212,"JPMORGAN CHASE BANK, N.A.",CREDIT,CLASSIC,US,"CLASSIC JPMORGAN CHASE BANK, N.A."
403239,CAPE COD FIVE CENTS SAVINGS BANK,DEBIT,CLASSIC,US,CLASSIC CAPE COD FIVE CENTS SAVINGS BANK
403240,FREEDOM C.U.,DEBIT,CLASSIC,US,CLASSIC FREEDOM C.U.
403264,PREFERRED CREDIT UNION,DEBIT,CLASSIC,US,CLASSIC PREFERRED CREDIT UNION
403275,PINNACLE BANK,DEBIT,CLASSIC,US,CLASSIC PINNACLE BANK
403297,MAX CREDIT UNION,CREDIT,CLASSIC,US,CLASSIC MAX CREDIT UNION
403345,SPACE CITY C.U.,DEBIT,CLASSIC,US,CLASSIC SPACE CITY C.U.
403384,COMMUNITY NATIONAL BANK,DEBIT,CLASSIC,US,CLASSIC COMMUNITY NATIONAL BANK
403434,NORTHERN STATE BANK,DEBIT,CLASSIC,US,CLASSIC NORTHERN STATE BANK
403436,FIRST NORTHEAST BANK OF NEBRASKA,DEBIT,CLASSIC,US,CLASSIC FIRST NORTHEAST BANK OF NEBRASKA
403444,"CAPITAL ONE BANK (USA), N.A.",CREDIT,CLASSIC,US,"CLASSIC CAPITAL ONE BANK (USA), N.A."
403446,UNIVERSITY NATIONAL BANK,DEBIT,PREPAID,US,PREPAID UNIVERSITY NATIONAL BANK
403466,OLEAN AREA F.C.U.,DEBIT,CLASSIC,US,CLASSIC OLEAN AREA F.C.U.
403476,CARD SERVICES FOR CREDIT UNIONS,CREDIT,SIGNATURE,US,SIGNATURE CARD SERVICES FOR CREDIT UNIONS
403578,TRUMARK FINANCIAL C.U.,DEBIT,CLASSIC,US,CLASSIC TRUMARK FINANCIAL C.U.
403613,BEACH MUNICIPAL F.C.U.,DEBIT,CLASSIC,US,CLASSIC BEACH MUNICIPAL F.C.U.
403690,"CHASE BANK USA, N.A.",CREDIT,CLASSIC,US,"CLASSIC CHASE BANK USA, N.A."
403712,COLLINS COMMUNITY C.U.,CREDIT,CLASSIC,US,CLASSIC COLLINS COMMUNITY C.U.
403766,"U.S. BANK, N.A.",CREDIT,CLASSIC,US,"CLASSIC U.S. BANK, N.A."
403769,"U.S. BANK, N.A.",CREDIT,CLASSIC,US,"CLASSIC U.S. BANK, N.A."
403784,"U.S. BANK, N.A.",CREDIT,CLASSIC,US,"CLASSIC U.S. BANK, N.A."
403801,BANK OF COMMERCE,DEBIT,CLASSIC,US,CLASSIC BANK OF COMMERCE
403804,"U.S. BANK, N.A.",CREDIT,SIGNATURE,US,"SIGNATURE U.S. BANK, N.A."
403808,DOW CHEMICAL EMPLOYEES' C.U.,DEBIT,CLASSIC,US,CLASSIC DOW CHEMICAL EMPLOYEES' C.U.
403908,ATOMIC C.U.,CREDIT,CLASSIC,US,CLASSIC ATOMIC C.U.
403915,UNITED F.C.U.,CREDIT,CLASSIC,US,CLASSIC UNITED F.C.U.
403924,ITHINK FINANCIAL,DEBIT,CLASSIC,US,CLASSIC ITHINK FINANCIAL
403960,MAINE SAVINGS F.C.U.,CREDIT,CLASSIC,US,CLASSIC MAINE SAVINGS F.C.U.
403970,DOWNEAST C.U.,DEBIT,CLASSIC,US,CLASSIC DOWNEAST C.U.
403971,CARD SERVICES FOR CREDIT UNIONS,DEBIT,CLASSIC,US,CLASSIC CARD SERVICES FOR CREDIT UNIONS
403977,"FIFTH THIRD BANK, THE",CREDIT,CLASSIC,US,"CLASSIC FIFTH THIRD BANK, THE"
403995,METABANK,DEBIT,PREPAID,US,PREPAID METABANK
404014,ABILENE TEACHERS F.C.U.,DEBIT,CLASSIC,US,CLASSIC ABILENE TEACHERS F.C.U.
404253,CORTRUST BANK,DEBIT,CLASSIC,US,CLASSIC CORTRUST BANK
404388,RCB BANK,DEBIT,CLASSIC,US,CLASSIC RCB BANK
404636,PARTNERS F.C.U.,CREDIT,CLASSIC,US,CLASSIC PARTNERS F.C.U.
404644,USAA SAVINGS BANK,CREDIT,CLASSIC,US,CLASSIC USAA SAVINGS BANK
404657,STATE EMPLOYEES' C.U.,CREDIT,CLASSIC,US,CLASSIC STATE EMPLOYEES' C.U.
404795,HOPEWELL F.C.U.,DEBIT,CLASSIC,US,CLASSIC HOPEWELL F.C.U.
404966,,CREDIT,SIGNATURE,US,SIGNATURE
405006,"CHASE BANK USA, N.A.",CREDIT,CLASSIC,US,"CLASSIC CHASE BANK USA, N.A."
405037,"CHASE BANK USA, N.A.",CREDIT,CLASSIC,US,"CLASSIC CHASE BANK USA, N.A."
405049,EASTMAN C.U.,CREDIT,CLASSIC,US,CLASSIC EASTMAN C.U.
405228,,DEBIT,CLASSIC,US,CLASSIC
405376,KELLOGG COMMUNITY F.C.U.,DEBIT,CLASSIC,US,CLASSIC KELLOGG COMMUNITY F.C.U.
405378,"WELLS FARGO BANK, N.A.",DEBIT,CLASSIC,US,"CLASSIC WELLS FARGO BANK, N.A."
405406,BANK OF WISCONSIN DELLS,DEBIT,CLASSIC,US,CLASSIC BANK OF WISCONSIN DELLS
405418,NEIGHBORHOOD C.U.,DEBIT,CLASSIC,US,CLASSIC NEIGHBORHOOD C.U.
405428,UNIVERSITY F.C.U.,DEBIT,CLASSIC,US,CLASSIC UNIVERSITY F.C.U.
405445,MERITUS C.U.,DEBIT,CLASSIC,US,CLASSIC MERITUS C.U.
405447,TYNDALL F.C.U.,DEBIT,CLASSIC,US,CLASSIC TYNDALL F.C.U.
405506,COMMUNITY STATE BANK,DEBIT,CLASSIC,US,CLASSIC COMMUNITY STATE BANK
405582,CITIZENS STATE BANK,DEBIT,CLASSIC,US,CLASSIC CITIZENS STATE BANK
405583,FIRST NATIONAL BANK OF BELLEVUE,DEBIT,CLASSIC,US,CLASSIC FIRST NATIONAL BANK OF BELLEVUE
405605,P AND G MEHOOPANY EMPLOYEES F.C.U.,DEBIT,CLASSIC,US,CLASSIC P AND G MEHOOPANY EMPLOYEES F.C.U.
405610,TRULIANT F.C.U.,DEBIT,CLASSIC,US,CLASSIC TRULIANT F.C.U.
405612,FIRST NATIONAL BANK AND TRUST COMPANY OF NEWTOWN,DEBIT,CLASSIC,US,CLASSIC FIRST NATIONAL BANK AND TRUST COMPANY OF NEWTOWN
405731,"BANK OF MISSOURI, THE",CREDIT,CLASSIC,US,"CLASSIC BANK OF MISSOURI, THE"
405739,"DUTCH POINT CREDIT UNION, INC.",DEBIT,CLASSIC,US,"CLASSIC DUTCH POINT CREDIT UNION, INC."
405838,,DEBIT,CLASSIC,US,CLASSIC
405909,BERKSHIRE BANK,DEBIT,CLASSIC,US,CLASSIC BERKSHIRE BANK
405960,FIRST CITIZENS BANK,DEBIT,CLASSIC,US,CLASSIC FIRST CITIZENS BANK
405965,,CREDIT,CLASSIC,US,CLASSIC
406021,LYONS NATIONAL BANK,DEBIT,CLASSIC,US,CLASSIC LYONS NATIONAL BANK
406032,"JPMORGAN CHASE BANK, N.A.",DEBIT,CLASSIC,US,"CLASSIC JPMORGAN CHASE BANK, N.A."
406041,NAVY F.C.U.,CREDIT,CLASSIC,US,CLASSIC NAVY F.C.U.
406042,"JPMORGAN CHASE BANK, N.A.",DEBIT,CLASSIC,US,"CLASSIC JPMORGAN CHASE BANK, N.A."
406049,SYNOVUS FINANCIAL CORPORATION,DEBIT,CLASSIC,US,CLASSIC SYNOVUS FINANCIAL CORPORATION
406060,MID-ATLANTIC F.C.U.,CREDIT,CLASSIC,US,CLASSIC MID-ATLANTIC F.C.U.
406095,NAVY F.C.U.,CREDIT,CLASSIC,US,CLASSIC NAVY F.C.U.
406098,"WELLS FARGO BANK, N.A.",DEBIT,CLASSIC,US,"CLASSIC WELLS FARGO BANK, N.A."
406189,ABOUND C.U.,CREDIT,CLASSIC,US,CLASSIC ABOUND C.U.
406317,MERRIMACK VALLEY F.C.U.,DEBIT,CLASSIC,US,CLASSIC MERRIMACK VALLEY F.C.U.
406367,COMENITY CAPITAL BANK,CREDIT,CLASSIC,US,CLASSIC COMENITY CAPITAL BANK
406421,VERMILLION STATE BANK,DEBIT,CLASSIC,US,CLASSIC VERMILLION STATE BANK
406498,"BANCORP BANK, THE",DEBIT,PREPAID,US,"PREPAID BANCORP BANK, THE"
406632,LGE COMMUNITY C.U.,DEBIT,CLASSIC,US,CLASSIC LGE COMMUNITY C.U.
406675,FARMERS STATE BANK AND TRUST COMPANY,DEBIT,CLASSIC,US,CLASSIC FARMERS STATE BANK AND TRUST COMPANY
406679,"FIRST CENTURY BANK, N.A.",DEBIT,PREPAID,US,"PREPAID FIRST CENTURY BANK, N.A."
406691,FULDA AREA C.U.,DEBIT,CLASSIC,US,CLASSIC FULDA AREA C.U.
407045,AWAKON F.C.U.,CREDIT,CLASSIC,US,CLASSIC AWAKON F.C.U.
407131,"STAR BANK, N.A.",CREDIT,CLASSIC,US,"CLASSIC STAR BANK, N.A."
407141,BLUE RIDGE BANK,DEBIT,CLASSIC,US,CLASSIC BLUE RIDGE BANK
407166,"CHASE BANK USA, N.A.",CREDIT,CLASSIC,US,"CLASSIC CHASE BANK USA, N.A."
407183,1ST SUMMIT BANK,CREDIT,CLASSIC,US,CLASSIC 1ST SUMMIT BANK
407204,UNIVERSITY OF WISCONSIN C.U.,DEBIT,CLASSIC,US,CLASSIC UNIVERSITY OF WISCONSIN C.U.
407221,"WELLS FARGO BANK, N.A.",CREDIT,CLASSIC,US,"CLASSIC WELLS FARGO BANK, N.A."
407222,"WELLS FARGO BANK, N.A.",CREDIT,CLASSIC,US,"CLASSIC WELLS FARGO BANK, N.A."
407240,FAHEY BANKING COMPANY,DEBIT,CLASSIC,US,CLASSIC FAHEY BANKING COMPANY
407244,BATH STATE BANK,DEBIT,CLASSIC,US,CLASSIC BATH STATE BANK
407522,AFFINITY PLUS F.C.U.,CREDIT,CLASSIC,US,CLASSIC AFFINITY PLUS F.C.U.
407535,"SUNRISE BANKS, N.A.",DEBIT,PREPAID,US,"PREPAID SUNRISE BANKS, N.A."
407624,SERVICE C.U.,DEBIT,CLASSIC,US,CLASSIC SERVICE C.U.
407749,BOK FINANCIAL,DEBIT,CLASSIC,US,CLASSIC BOK FINANCIAL
407787,"WELLS FARGO BANK, N.A.",CREDIT,CLASSIC,US,"CLASSIC WELLS FARGO BANK, N.A."
407870,ELEMENTS FINANCIAL F.C.U.,CREDIT,CLASSIC,US,CLASSIC ELEMENTS FINANCIAL F.C.U.
407873,FIRST NATIONAL BANK OF OMAHA,CREDIT,CLASSIC,US,CLASSIC FIRST NATIONAL BANK OF OMAHA
407879,ELEMENTS FINANCIAL F.C.U.,CREDIT,CLASSIC,US,CLASSIC ELEMENTS FINANCIAL F.C.U.
407945,"WRIGHT-PATT CREDIT UNION, INC.",CREDIT,CLASSIC,US,"CLASSIC WRIGHT-PATT CREDIT UNION, INC."
407993,SUPERIOR CREDIT UNION,DEBIT,CLASSIC,US,CLASSIC SUPERIOR CREDIT UNION
408037,"TCM BANK, N.A.",CREDIT,CLASSIC,US,"CLASSIC TCM BANK, N.A."
408104,DESERT FINANCIAL C.U.,DEBIT,CLASSIC,US,CLASSIC DESERT FINANCIAL C.U.
408130,PEOPLE'S UNITED BANK,DEBIT,CLASSIC,US,CLASSIC PEOPLE'S UNITED BANK
408181,"U.S. BANK, N.A.",CREDIT,CLASSIC,US,"CLASSIC U.S. BANK, N.A."
408188,HANCOCK WHITNEY BANK,DEBIT,CLASSIC,US,CLASSIC HANCOCK WHITNEY BANK
408501,CHESSIE F.C.U.,DEBIT,CLASSIC,US,CLASSIC CHESSIE F.C.U.
408521,AMERICU C.U.,CREDIT,CLASSIC,US,CLASSIC AMERICU C.U.
408606,JEFFERSON FINANCIAL F.C.U.,DEBIT,CLASSIC,US,CLASSIC JEFFERSON FINANCIAL F.C.U.
408616,SOVITA C.U.,CREDIT,CLASSIC,US,CLASSIC SOVITA C.U.
408653,NEW ALLIANCE F.C.U.,CREDIT,CLASSIC,US,CLASSIC NEW ALLIANCE F.C.U.
408677,CENTRIC F.C.U.,DEBIT,CLASSIC,US,CLASSIC CENTRIC F.C.U.
408682,"SEVEN SEVENTEEN CREDIT UNION, INC.",CREDIT,CLASSIC,US,"CLASSIC SEVEN SEVENTEEN CREDIT UNION, INC."
408691,"UNIVERSITY OF VIRGINIA COMMUNITY CREDIT UNION, INC.",DEBIT,CLASSIC,US,"CLASSIC UNIVERSITY OF VIRGINIA COMMUNITY CREDIT UNION, INC."
408869,"CAPITAL ONE BANK (USA), N.A.",DEBIT,PREPAID,US,"PREPAID CAPITAL ONE BANK (USA), N.A."
408871,HERRING BANK,CREDIT,CLASSIC,US,CLASSIC HERRING BANK
408872,APG F.C.U.,DEBIT,CLASSIC,US,CLASSIC APG F.C.U.
408880,"ARMED FORCES BANK, N.A.",DEBIT,CLASSIC,US,"CLASSIC ARMED FORCES BANK, N.A."
408881,AMERICAN STATE BANK,DEBIT,CLASSIC,US,CLASSIC AMERICAN STATE BANK
408938,"ICBA BANCARD, INC.",DEBIT,CLASSIC,US,"CLASSIC ICBA BANCARD, INC."
409249,"DAKOTA COMMUNITY BANK, N.A.",DEBIT,CLASSIC,US,"CLASSIC DAKOTA COMMUNITY BANK, N.A."
409283,"WELLS FARGO BANK, N.A.",DEBIT,CLASSIC,US,"CLASSIC WELLS FARGO BANK, N.A."
409290,"WELLS FARGO BANK, N.A.",DEBIT,CLASSIC,US,"CLASSIC WELLS FARGO BANK, N.A."
409291,"ICBA BANCARD, INC.",DEBIT,CLASSIC,US,"CLASSIC ICBA BANCARD, INC."
409311,BRANCH BANKING AND TRUST COMPANY,DEBIT,CLASSIC,US,CLASSIC BRANCH BANKING AND TRUST COMPANY
409429,INDUSTRIAL F.C.U.,CREDIT,CLASSIC,US,CLASSIC INDUSTRIAL F.C.U.
409441,SUMMIT CREDIT UNION,CREDIT,CLASSIC,US,CLASSIC SUMMIT CREDIT UNION
409451,CENTRA C.U.,CREDIT,CLASSIC,US,CLASSIC CENTRA C.U.
409474,FINANCIAL PLUS C.U.,CREDIT,CLASSIC,US,CLASSIC FINANCIAL PLUS C.U.
409490,PITTSFORD F.C.U.,DEBIT,CLASSIC,US,CLASSIC PITTSFORD F.C.U.
409525,OSWEGO COUNTY F.C.U.,DEBIT,CLASSIC,US,CLASSIC OSWEGO COUNTY F.C.U.
409570,MID AMERICAN C.U.,CREDIT,CLASSIC,US,CLASSIC MID AMERICAN C.U.
409589,"U.S. BANK, N.A.",DEBIT,CLASSIC,US,"CLASSIC U.S. BANK, N.A."
409660,ALLEGENT COMMUNITY F.C.U.,CREDIT,CLASSIC,US,CLASSIC ALLEGENT COMMUNITY F.C.U.
409758,BBVA USA,DEBIT,PREPAID,US,PREPAID BBVA USA
409970,REGIONS BANK,CREDIT,CLASSIC,US,CLASSIC REGIONS BANK
409974,BEACON C.U.,DEBIT,CLASSIC,US,CLASSIC BEACON C.U.
410039,"CITIBANK, N.A.",CREDIT,CLASSIC,US,"CLASSIC CITIBANK, N.A."
410064,REGIONS BANK,CREDIT,CLASSIC,US,CLASSIC REGIONS BANK
410608,"CAPITAL ONE BANK (USA), N.A.",CREDIT,CLASSIC,US,"CLASSIC CAPITAL ONE BANK (USA), N.A."
410700,FIRST FEDERAL SAVINGS AND LOAN ASSOCIATION OF CHARLESTON,CREDIT,CLASSIC,US,CLASSIC FIRST FEDERAL SAVINGS AND LOAN ASSOCIATION OF CHARLESTON
410793,"FIDELITY NATIONAL INFORMATION SERVICES, INC.",CREDIT,CLASSIC,US,"CLASSIC FIDELITY NATIONAL INFORMATION SERVICES, INC."
410801,"BANK OF AMERICA, NATIONAL ASSOCIATION",DEBIT,CLASSIC,US,"CLASSIC BANK OF AMERICA, NATIONAL ASSOCIATION"
410836,NORTHWEST BANK,DEBIT,CLASSIC,US,CLASSIC NORTHWEST BANK
410839,NATIONAL BANK,DEBIT,CLASSIC,US,CLASSIC NATIONAL BANK
410843,BELCO COMMUNITY CREDIT UNION,DEBIT,CLASSIC,US,CLASSIC BELCO COMMUNITY CREDIT UNION
410870,FIDELITY BANK,DEBIT,CLASSIC,US,CLASSIC FIDELITY BANK
410872,HOLY ROSARY C.U.,DEBIT,CLASSIC,US,CLASSIC HOLY ROSARY C.U.
410874,COMMUNITY BANK OF PARKERSBURG,DEBIT,CLASSIC,US,CLASSIC COMMUNITY BANK OF PARKERSBURG
410878,"UMB BANK, N.A.",DEBIT,CLASSIC,US,"CLASSIC UMB BANK, N.A."
410881,TOMPKINS MAHOPAC BANK,DEBIT,CLASSIC,US,CLASSIC TOMPKINS MAHOPAC BANK
410894,BRANCH BANKING AND TRUST COMPANY,DEBIT,CLASSIC,US,CLASSIC BRANCH BANKING AND TRUST COMPANY
410960,HERITAGE F.C.U.,CREDIT,CLASSIC,US,CLASSIC HERITAGE F.C.U.
411079,BRANCH BANKING AND TRUST COMPANY,DEBIT,CLASSIC,US,CLASSIC BRANCH BANKING AND TRUST COMPANY
411170,"JPMORGAN CHASE BANK, N.A.",CREDIT,CLASSIC,US,"CLASSIC JPMORGAN CHASE BANK, N.A."
411213,CARD SERVICES FOR CREDIT UNIONS,CREDIT,CLASSIC,US,CLASSIC CARD SERVICES FOR CREDIT UNIONS
411250,CONSUMERS COOPERATIVE C.U.,DEBIT,CLASSIC,US,CLASSIC CONSUMERS COOPERATIVE C.U.
411277,"WELLS FARGO BANK, N.A.",DEBIT,CLASSIC,US,"CLASSIC WELLS FARGO BANK, N.A."
411281,MAINE STATE C.U.,CREDIT,CLASSIC,US,CLASSIC MAINE STATE C.U.
411285,ROYAL C.U.,CREDIT,CLASSIC,US,CLASSIC ROYAL C.U.
411342,COMMUNITY NATIONAL BANK,DEBIT,CLASSIC,US,CLASSIC COMMUNITY NATIONAL BANK
411379,FILER C.U.,CREDIT,CLASSIC,US,CLASSIC FILER C.U.
411384,"WELLS FARGO BANK, N.A.",DEBIT,CLASSIC,US,"CLASSIC WELLS FARGO BANK, N.A."
411393,TONGASS F.C.U.,DEBIT,CLASSIC,US,CLASSIC TONGASS F.C.U.
411413,ELECTEL COOPERATIVE C.U.,DEBIT,CLASSIC,US,CLASSIC ELECTEL COOPERATIVE C.U.
411441,"CHASE BANK USA, N.A.",CREDIT,CLASSIC,US,"CLASSIC CHASE BANK USA, N.A."
411449,"JPMORGAN CHASE BANK, N.A.",DEBIT,PREPAID BUSINESS,US,"PREPAID BUSINESS JPMORGAN CHASE BANK, N.A."
411457,COMMUNITY BANK OF PLEASANT HILL,DEBIT,CLASSIC,US,CLASSIC COMMUNITY BANK OF PLEASANT HILL
411482,HEALTHCARE FIRST C.U.,CREDIT,CLASSIC,US,CLASSIC HEALTHCARE FIRST C.U.
411497,"JPMORGAN CHASE BANK, N.A.",DEBIT,CLASSIC,US,"CLASSIC JPMORGAN CHASE BANK, N.A."
411525,"BANK OF AMERICA, NATIONAL ASSOCIATION",CREDIT,CLASSIC,US,"CLASSIC BANK OF AMERICA, NATIONAL ASSOCIATION"
411573,DUKE C.U.,DEBIT,CLASSIC,US,CLASSIC DUKE C.U.
411583,SEA COMM F.C.U.,CREDIT,CLASSIC,US,CLASSIC SEA COMM F.C.U.
411591,CREDIT UNION OF AMERICA,DEBIT,CLASSIC,US,CLASSIC CREDIT UNION OF AMERICA
411600,"PNC FINANCIAL SERVICES GROUP, INC.",DEBIT,PREPAID,US,"PREPAID PNC FINANCIAL SERVICES GROUP, INC."
411770,"BANK OF AMERICA, NATIONAL ASSOCIATION",DEBIT,CLASSIC,US,"CLASSIC BANK OF AMERICA, NATIONAL ASSOCIATION"
411771,"BANK OF AMERICA, NATIONAL ASSOCIATION",DEBIT,CLASSIC,US,"CLASSIC BANK OF AMERICA, NATIONAL ASSOCIATION"
411773,"BANK OF AMERICA, NATIONAL ASSOCIATION",DEBIT,CLASSIC,US,"CLASSIC BANK OF AMERICA, NATIONAL ASSOCIATION"
411774,"BANK OF AMERICA, NATIONAL ASSOCIATION",DEBIT,CLASSIC,US,"CLASSIC BANK OF AMERICA, NATIONAL ASSOCIATION"
411776,"BANK OF AMERICA, NATIONAL ASSOCIATION",DEBIT,CLASSIC,US,"CLASSIC BANK OF AMERICA, NATIONAL ASSOCIATION"
411810,SUTTON BANK,DEBIT,PREPAID,US,PREPAID SUTTON BANK
411823,"FIFTH THIRD BANK, THE",DEBIT,PREPAID,US,"PREPAID FIFTH THIRD BANK, THE"
411867,"WELLS FARGO BANK, N.A.",DEBIT,CLASSIC,US,"CLASSIC WELLS FARGO BANK, N.A."
411870,FIRST-CITIZENS BANK,CREDIT,CLASSIC,US,CLASSIC FIRST-CITIZENS BANK
411876,"WELLS FARGO BANK, N.A.",DEBIT,CLASSIC,US,"CLASSIC WELLS FARGO BANK, N.A."
411878,COLUMBIA BANK,DEBIT,CLASSIC,US,CLASSIC COLUMBIA BANK
411972,,CREDIT,CLASSIC,US,CLASSIC
412005,JONES NATIONAL BANK AND TRUST COMPANY OF SEWARD,DEBIT,CLASSIC,US,CLASSIC JONES NATIONAL BANK AND TRUST COMPANY OF SEWARD
412006,F&M BANK,DEBIT,CLASSIC,US,CLASSIC F&M BANK
412007,CREDIT UNION 1,DEBIT,CLASSIC,US,CLASSIC CREDIT UNION 1
412022,FIRST INTERSTATE BANK,DEBIT,CLASSIC,US,CLASSIC FIRST INTERSTATE BANK
412039,USAA SAVINGS BANK,CREDIT,CLASSIC,US,CLASSIC USAA SAVINGS BANK
412046,UTAH COMMUNITY C.U.,DEBIT,CLASSIC,US,CLASSIC UTAH COMMUNITY C.U.
412084,LITCHFIELD BANCORP,DEBIT,CLASSIC,US,CLASSIC LITCHFIELD BANCORP
412106,"CITIBANK, N.A.",DEBIT,PREPAID,US,"PREPAID CITIBANK, N.A."
412134,PENNSYLVANIA STATE EMPLOYEES C.U.,CREDIT,CLASSIC,US,CLASSIC PENNSYLVANIA STATE EMPLOYEES C.U.
412138,"CHASE BANK USA, N.A.",CREDIT,CLASSIC,US,"CLASSIC CHASE BANK USA, N.A."
412163,"ICBA BANCARD, INC.",CREDIT,CLASSIC,US,"CLASSIC ICBA BANCARD, INC."
412174,"CAPITAL ONE BANK (USA), N.A.",CREDIT,CLASSIC,US,"CLASSIC CAPITAL ONE BANK (USA), N.A."
412185,USAA SAVINGS BANK,CREDIT,CLASSIC,US,CLASSIC USAA SAVINGS BANK
412232,KINECTA F.C.U.,DEBIT,CLASSIC,US,CLASSIC KINECTA F.C.U.
412290,SUMMIT F.C.U.,CREDIT,CLASSIC,US,CLASSIC SUMMIT F.C.U.
412425,"BANK OF AMERICA, NATIONAL ASSOCIATION",DEBIT,CLASSIC,US,"CLASSIC BANK OF AMERICA, NATIONAL ASSOCIATION"
412451,"JPMORGAN CHASE BANK, N.A.",DEBIT,CLASSIC,US,"CLASSIC JPMORGAN CHASE BANK, N.A."
412591,WASHINGTON AREA F.C.U.,CREDIT,CLASSIC,US,CLASSIC WASHINGTON AREA F.C.U.
412696,FIRST SOUTHWEST BANK,DEBIT,CLASSIC,US,CLASSIC FIRST SOUTHWEST BANK
412712,CENTRAL NATIONAL BANK,DEBIT,CLASSIC,US,CLASSIC CENTRAL NATIONAL BANK
412758,BANK MIDWEST,DEBIT,CLASSIC,US,CLASSIC BANK MIDWEST
412763,FIRST BANK & TRUST CO.,DEBIT,CLASSIC,US,CLASSIC FIRST BANK & TRUST CO.
412777,COMENITY BANK,CREDIT,CLASSIC,US,CLASSIC COMENITY BANK
412781,"UMB BANK, N.A.",CREDIT,CLASSIC,US,"CLASSIC UMB BANK, N.A."
412966,HEALTH CARE PROFESSIONALS F.C.U.,DEBIT,CLASSIC,US,CLASSIC HEALTH CARE PROFESSIONALS F.C.U.
412968,BEST FINANCIAL C.U.,CREDIT,CLASSIC,US,CLASSIC BEST FINANCIAL C.U.
413022,HUDSON VALLEY C.U.,DEBIT,CLASSIC,US,CLASSIC HUDSON VALLEY C.U.
413027,FIRST FINANCIAL BANK,CREDIT,CLASSIC,US,CLASSIC FIRST FINANCIAL BANK
413036,PEOPLES TRUST COMPANY OF ST. ALBANS,DEBIT,CLASSIC,US,CLASSIC PEOPLES TRUST COMPANY OF ST. ALBANS
413037,CENTRAL BANK & TRUST CO.,DEBIT,CLASSIC,US,CLASSIC CENTRAL BANK & TRUST CO.
413040,"SANTANDER BANK, N.A.",DEBIT,CLASSIC,US,"CLASSIC SANTANDER BANK, N.A."
413146,"CITIZENS BANK, N.A.",DEBIT,CLASSIC,US,"CLASSIC CITIZENS BANK, N.A."
413171,GEORGIA'S OWN CREDIT UNION,DEBIT,CLASSIC,US,CLASSIC GEORGIA'S OWN CREDIT UNION
413189,UNION SAVINGS BANK,DEBIT,CLASSIC,US,CLASSIC UNION SAVINGS BANK
413196,RADIANT C.U.,DEBIT,CLASSIC,US,CLASSIC RADIANT C.U.
413247,FIRST INTERSTATE BANK,CREDIT,CLASSIC,US,CLASSIC FIRST INTERSTATE BANK
413358,"WESTFIELD BANK, F.S.B.",DEBIT,CLASSIC,US,"CLASSIC WESTFIELD BANK, F.S.B."
413376,MEMBERS FIRST COMMUNITY C.U.,DEBIT,CLASSIC,US,CLASSIC MEMBERS FIRST COMMUNITY C.U.
413447,,CREDIT,CLASSIC,US,CLASSIC
413484,SEA COMM F.C.U.,DEBIT,CLASSIC,US,CLASSIC SEA COMM F.C.U.
413490,PRINCE GEORGE'S COMMUNITY F.C.U.,DEBIT,CLASSIC,US,CLASSIC PRINCE GEORGE'S COMMUNITY F.C.U.
413496,SYNOVUS FINANCIAL CORPORATION,CREDIT,CLASSIC,US,CLASSIC SYNOVUS FINANCIAL CORPORATION
413499,BANK OF GREENE COUNTY,DEBIT,CLASSIC,US,CLASSIC BANK OF GREENE COUNTY
413557,CAROLINA FOOTHILLS F.C.U.,DEBIT,CLASSIC,US,CLASSIC CAROLINA FOOTHILLS F.C.U.
413570,"NEW PEOPLES BANK, INC.",DEBIT,CLASSIC,US,"CLASSIC NEW PEOPLES BANK, INC."
413582,"CENTURY BANK, A FEDERAL SAVINGS BANK",CREDIT,CLASSIC,US,"CLASSIC CENTURY BANK, A FEDERAL SAVINGS BANK"
413588,CITIZENS & NORTHERN BANK,DEBIT,CLASSIC,US,CLASSIC CITIZENS & NORTHERN BANK
413657,ALCOA PITTSBURGH F.C.U.,CREDIT,CLASSIC,US,CLASSIC ALCOA PITTSBURGH F.C.U.
413728,WOODSBORO BANK,DEBIT,CLASSIC,US,CLASSIC WOODSBORO BANK
413757,"MVB BANK, INC.",DEBIT,CLASSIC,US,"CLASSIC MVB BANK, INC."
413759,,DEBIT,CLASSIC,US,CLASSIC
413790,FIRST SOURCE F.C.U.,DEBIT,CLASSIC,US,CLASSIC FIRST SOURCE F.C.U.
413900,INDUSTRIAL F.C.U.,DEBIT,CLASSIC,US,CLASSIC INDUSTRIAL F.C.U.
413910,"SOUTH CENTRAL BANK, INC.",DEBIT,CLASSIC,US,"CLASSIC SOUTH CENTRAL BANK, INC."
413916,OCEANFIRST BANK N.A.,DEBIT,CLASSIC,US,CLASSIC OCEANFIRST BANK N.A.
413928,GREENVILLE NATIONAL BANK,DEBIT,CLASSIC,US,CLASSIC GREENVILLE NATIONAL BANK
413936,ACHIEVE C.U.,DEBIT,CLASSIC,US,CLASSIC ACHIEVE C.U.
413937,TRUIST BANK,DEBIT,CLASSIC,US,CLASSIC TRUIST BANK
413940,DUPAGE C.U.,DEBIT,CLASSIC,US,CLASSIC DUPAGE C.U.
413965,FIRST NATIONAL BANK OF GROTON,DEBIT,CLASSIC,US,CLASSIC FIRST NATIONAL BANK OF GROTON
413973,OLD NATIONAL BANK,DEBIT,BUSINESS,US,BUSINESS OLD NATIONAL BANK
413978,SERVICE 1ST F.C.U.,DEBIT,CLASSIC,US,CLASSIC SERVICE 1ST F.C.U.
413987,FIRST INTERNATIONAL BANK & TRUST,DEBIT,CLASSIC,US,CLASSIC FIRST INTERNATIONAL BANK & TRUST
413995,TCF BANK,DEBIT,CLASSIC,US,CLASSIC TCF BANK
414034,ADIRONDACK TRUST COMPANY,DEBIT,CLASSIC,US,CLASSIC ADIRONDACK TRUST COMPANY
414059,COMMERCIAL BANK,DEBIT,CLASSIC,US,CLASSIC COMMERCIAL BANK
414080,BANKERS' BANK OF THE WEST,DEBIT,CLASSIC,US,CLASSIC BANKERS' BANK OF THE WEST
414081,,CREDIT,SIGNATURE,US,SIGNATURE
414104,EDUCATORS C.U.,CREDIT,CLASSIC,US,CLASSIC EDUCATORS C.U.
414140,PEOPLE'S UNITED BANK,DEBIT,CLASSIC,US,CLASSIC PEOPLE'S UNITED BANK
414147,PEOPLE'S UNITED BANK,DEBIT,CLASSIC,US,CLASSIC PEOPLE'S UNITED BANK
414160,"CITIBANK, N.A.",DEBIT,BUSINESS,US,"BUSINESS CITIBANK, N.A."
414185,PEOPLE'S UNITED BANK,DEBIT,CLASSIC,US,CLASSIC PEOPLE'S UNITED BANK
414238,CARD SERVICES FOR CREDIT UNIONS,DEBIT,PREPAID,US,PREPAID CARD SERVICES FOR CREDIT UNIONS
414240,"ICBA BANCARD, INC.",DEBIT,CLASSIC,US,"CLASSIC ICBA BANCARD, INC."
414243,USAA,DEBIT,CLASSIC,US,CLASSIC USAA
414244,"COMPUTER SERVICES, INC.",DEBIT,CLASSIC,US,"CLASSIC COMPUTER SERVICES, INC."
414254,"CITIBANK, N.A.",CREDIT,CLASSIC,US,"CLASSIC CITIBANK, N.A."
414266,OUACHITA VALLEY F.C.U.,DEBIT,CLASSIC,US,CLASSIC OUACHITA VALLEY F.C.U.
414314,FIRST UNITED BANK AND TRUST COMPANY,DEBIT,CLASSIC,US,CLASSIC FIRST UNITED BANK AND TRUST COMPANY
414334,UTILITIES EMPLOYEES C.U.,CREDIT,CLASSIC,US,CLASSIC UTILITIES EMPLOYEES C.U.
414346,"FIFTH THIRD BANK, THE",DEBIT,PREPAID,US,"PREPAID FIFTH THIRD BANK, THE"
414397,GREEN DOT BANK,DEBIT,PREPAID,US,PREPAID GREEN DOT BANK
414398,GREEN DOT BANK,DEBIT,CLASSIC,US,CLASSIC GREEN DOT BANK
414512,HOME NATIONAL BANK,CREDIT,CLASSIC,US,CLASSIC HOME NATIONAL BANK
414526,,CREDIT,CLASSIC,US,CLASSIC
414580,"AMERICAN SAVINGS BANK, F.S.B.",DEBIT,CLASSIC,US,"CLASSIC AMERICAN SAVINGS BANK, F.S.B."
414628,"COMMUNITY TRUST BANK, INC.",DEBIT,CLASSIC,US,"CLASSIC COMMUNITY TRUST BANK, INC."
414700,"NORDSTROM, F.S.B.",DEBIT,CLASSIC,US,"CLASSIC NORDSTROM, F.S.B."
414706,BARCLAYS BANK,DEBIT,CLASSIC,US,CLASSIC BARCLAYS BANK
414709,"CAPITAL ONE BANK (USA), N.A.",CREDIT,CLASSIC,US,"CLASSIC CAPITAL ONE BANK (USA), N.A."
414712,"BANK OF AMERICA, NATIONAL ASSOCIATION",DEBIT,CLASSIC,US,"CLASSIC BANK OF AMERICA, NATIONAL ASSOCIATION"
414718,"WELLS FARGO BANK, N.A.",CREDIT,CLASSIC,US,"CLASSIC WELLS FARGO BANK, N.A."
414720,"CHASE BANK USA, N.A.",CREDIT,CLASSIC,US,"CLASSIC CHASE BANK USA, N.A."
414721,"NORDSTROM, F.S.B.",CREDIT,CLASSIC,US,"CLASSIC NORDSTROM, F.S.B."
414724,BRANCH BANKING AND TRUST COMPANY,CREDIT,CLASSIC,US,CLASSIC BRANCH BANKING AND TRUST COMPANY
414734,"BANK OF AMERICA, NATIONAL ASSOCIATION",CREDIT,CLASSIC,US,"CLASSIC BANK OF AMERICA, NATIONAL ASSOCIATION"
414737,"BANK OF AMERICA, NATIONAL ASSOCIATION",CREDIT,CLASSIC,US,"CLASSIC BANK OF AMERICA, NATIONAL ASSOCIATION"
414740,"CHASE BANK USA, N.A.",CREDIT,CLASSIC,US,"CLASSIC CHASE BANK USA, N.A."
414750,"BANK OF AMERICA, NATIONAL ASSOCIATION",DEBIT,CLASSIC,US,"CLASSIC BANK OF AMERICA, NATIONAL ASSOCIATION"
414775,"U.S. BANK, N.A.",CREDIT,CLASSIC,US,"CLASSIC U.S. BANK, N.A."
414776,DESERT FINANCIAL C.U.,CREDIT,CLASSIC,US,CLASSIC DESERT FINANCIAL C.U.
414778,"U.S. BANK, N.A.",CREDIT,CLASSIC,US,"CLASSIC U.S. BANK, N.A."
414820,CARD SERVICES FOR CREDIT UNIONS,CREDIT,CLASSIC,US,CLASSIC CARD SERVICES FOR CREDIT UNIONS
414851,CREIGHTON F.C.U.,CREDIT,CLASSIC,US,CLASSIC CREIGHTON F.C.U.
414870,"ICBA BANCARD, INC.",CREDIT,CLASSIC,US,"CLASSIC ICBA BANCARD, INC."
414871,EDUCATORS C.U.,CREDIT,CLASSIC,US,CLASSIC EDUCATORS C.U.
414932,FIRST NATIONAL BANK OF OMAHA,CREDIT,CLASSIC,US,CLASSIC FIRST NATIONAL BANK OF OMAHA
414955,AMERICAN BANK CENTER FIRST,CREDIT,CLASSIC,US,CLASSIC AMERICAN BANK CENTER FIRST
414956,"ICBA BANCARD, INC.",CREDIT,CLASSIC,US,"CLASSIC ICBA BANCARD, INC."
414979,FIRST NATIONAL BANK IN ORD,DEBIT,CLASSIC,US,CLASSIC FIRST NATIONAL BANK IN ORD
414983,PLUMAS BANK,DEBIT,CLASSIC,US,CLASSIC PLUMAS BANK
415099,,DEBIT,CLASSIC,US,CLASSIC
415138,OHIO UNIVERSITY C.U.,DEBIT,CLASSIC,US,CLASSIC OHIO UNIVERSITY C.U.
415150,FIRST PEOPLES COMMUNITY F.C.U.,CREDIT,CLASSIC,US,CLASSIC FIRST PEOPLES COMMUNITY F.C.U.
415158,METABANK,DEBIT,CLASSIC,US,CLASSIC METABANK
415192,ELDERTON STATE BANK,DEBIT,CLASSIC,US,CLASSIC ELDERTON STATE BANK
415201,ADIRONDACK REGIONAL F.C.U.,DEBIT,CLASSIC,US,CLASSIC ADIRONDACK REGIONAL F.C.U.
415235,POINT BREEZE C.U.,DEBIT,CLASSIC,US,CLASSIC POINT BREEZE C.U.
415305,"CITIZENS BANK, N.A.",DEBIT,CLASSIC,US,"CLASSIC CITIZENS BANK, N.A."
415306,CHARLEROI FEDERAL SAVINGS BANK,DEBIT,CLASSIC,US,CLASSIC CHARLEROI FEDERAL SAVINGS BANK
415376,CAPITAL C.U.,CREDIT,CLASSIC,US,CLASSIC CAPITAL C.U.
415384,GESA C.U.,DEBIT,CLASSIC,US,CLASSIC GESA C.U.
415490,TRAVIS C.U.,DEBIT,CLASSIC,US,CLASSIC TRAVIS C.U.
415491,OE F.C.U.,DEBIT,CLASSIC,US,CLASSIC OE F.C.U.
415534,"COMPUTER SERVICES, INC.",DEBIT,CLASSIC,US,"CLASSIC COMPUTER SERVICES, INC."
415546,DANNEMORA F.C.U.,DEBIT,CLASSIC,US,CLASSIC DANNEMORA F.C.U.
415558,"UNION BANK, INC.",DEBIT,CLASSIC,US,"CLASSIC UNION BANK, INC."
415560,NEW YORK COMMUNITY BANK,DEBIT,CLASSIC,US,CLASSIC NEW YORK COMMUNITY BANK
415593,AMERICAN PRIDE BANK,DEBIT,CLASSIC,US,CLASSIC AMERICAN PRIDE BANK
415594,TLC F.C.U.,DEBIT,CLASSIC,US,CLASSIC TLC F.C.U.
415693,SKYWARD,DEBIT,CLASSIC,US,CLASSIC SKYWARD
415704,BANK OF TAMPA,DEBIT,CLASSIC,US,CLASSIC BANK OF TAMPA
415715,PRIORITYONE BANK,DEBIT,CLASSIC,US,CLASSIC PRIORITYONE BANK
415725,GENERATIONS F.C.U.,DEBIT,CLASSIC,US,CLASSIC GENERATIONS F.C.U.
415746,METABANK,DEBIT,CLASSIC,US,CLASSIC METABANK
415769,UNITED HERITAGE C.U.,DEBIT,CLASSIC,US,CLASSIC UNITED HERITAGE C.U.
415783,PEACH STATE F.C.U.,DEBIT,CLASSIC,US,CLASSIC PEACH STATE F.C.U.
415793,"RESOURCE BANK, N.A.",DEBIT,CLASSIC,US,"CLASSIC RESOURCE BANK, N.A."
415819,FRANKLIN SAVINGS BANK,DEBIT,CLASSIC,US,CLASSIC FRANKLIN SAVINGS BANK
415820,"COMPUTER SERVICES, INC.",DEBIT,CLASSIC,US,"CLASSIC COMPUTER SERVICES, INC."
415823,POLICE AND FIRE F.C.U.,DEBIT,CLASSIC,US,CLASSIC POLICE AND FIRE F.C.U.
415825,TRI COUNTY AREA F.C.U.,DEBIT,CLASSIC,US,CLASSIC TRI COUNTY AREA F.C.U.
415826,"DAY AIR CREDIT UNION, INC.",DEBIT,CLASSIC,US,"CLASSIC DAY AIR CREDIT UNION, INC."
415833,MIFFLIN COUNTY SAVINGS BANK,DEBIT,CLASSIC,US,CLASSIC MIFFLIN COUNTY SAVINGS BANK
415860,NORTHERN F.C.U.,DEBIT,CLASSIC,US,CLASSIC NORTHERN F.C.U.
415865,BADGER GLOBE C.U.,DEBIT,CLASSIC,US,CLASSIC BADGER GLOBE C.U.
415869,FIRST UNITED BANK & TRUST,DEBIT,CLASSIC,US,CLASSIC FIRST UNITED BANK & TRUST
415968,GRANT COUNTY BANK,DEBIT,CLASSIC,US,CLASSIC GRANT COUNTY BANK
415975,BRANCH BANKING AND TRUST COMPANY,DEBIT,CLASSIC,US,CLASSIC BRANCH BANKING AND TRUST COMPANY
415976,BRANCH BANKING AND TRUST COMPANY,DEBIT,CLASSIC,US,CLASSIC BRANCH BANKING AND TRUST COMPANY
415977,BRANCH BANKING AND TRUST COMPANY,DEBIT,CLASSIC,US,CLASSIC BRANCH BANKING AND TRUST COMPANY
415978,BRANCH BANKING AND TRUST COMPANY,DEBIT,CLASSIC,US,CLASSIC BRANCH BANKING AND TRUST COMPANY
415993,FAIRMONT F.C.U.,DEBIT,CLASSIC,US,CLASSIC FAIRMONT F.C.U.
416006,"WELLS FARGO BANK, N.A.",DEBIT,CLASSIC,US,"CLASSIC WELLS FARGO BANK, N.A."
416047,WHATCOM EDUCATIONAL C.U.,DEBIT,CLASSIC,US,CLASSIC WHATCOM EDUCATIONAL C.U.
416056,,CREDIT,SIGNATURE,US,SIGNATURE
416085,RABOBANK,DEBIT,CLASSIC,US,CLASSIC RABOBANK
416097,CITIZENS STATE BANK,DEBIT,CLASSIC,US,CLASSIC CITIZENS STATE BANK
416106,PEOPLESCHOICE C.U.,CREDIT,CLASSIC,US,CLASSIC PEOPLESCHOICE C.U.
416462,NASA F.C.U.,DEBIT,CLASSIC,US,CLASSIC NASA F.C.U.
416482,"WELLS FARGO BANK, N.A.",DEBIT,CLASSIC,US,"CLASSIC WELLS FARGO BANK, N.A."
416616,EDUCATIONAL COMMUNITY C.U.,DEBIT,CLASSIC,US,CLASSIC EDUCATIONAL COMMUNITY C.U.
416832,ARIZONA F.C.U.,DEBIT,CLASSIC,US,CLASSIC ARIZONA F.C.U.
416844,MID-HUDSON VALLEY F.C.U.,DEBIT,CLASSIC,US,CLASSIC MID-HUDSON VALLEY F.C.U.
416907,NICOLET NATIONAL BANK,CREDIT,CLASSIC,US,CLASSIC NICOLET NATIONAL BANK
416949,CITYMARK F.C.U.,DEBIT,CLASSIC,US,CLASSIC CITYMARK F.C.U.
417093,WILMINGTON TRUST COMPANY,CREDIT,CLASSIC,US,CLASSIC WILMINGTON TRUST COMPANY
417094,M&T BANK,CREDIT,CLASSIC,US,CLASSIC M&T BANK
417095,WILMINGTON TRUST COMPANY,CREDIT,CLASSIC,US,CLASSIC WILMINGTON TRUST COMPANY
417601,,CREDIT,CLASSIC,US,CLASSIC
417700,FRANKLIN MINT F.C.U.,DEBIT,CLASSIC,US,CLASSIC FRANKLIN MINT F.C.U.
417701,FRANKLIN MINT F.C.U.,DEBIT,CLASSIC,US,CLASSIC FRANKLIN MINT F.C.U.
417903,FIDELITY BANK,CREDIT,CLASSIC,US,CLASSIC FIDELITY BANK
417906,COMMUNITY BANK OF RAYMORE,DEBIT,CLASSIC,US,CLASSIC COMMUNITY BANK OF RAYMORE
417907,"PEOPLES BANK, A CODORUS VALLEY COMPANY",DEBIT,CLASSIC,US,"CLASSIC PEOPLES BANK, A CODORUS VALLEY COMPANY"
418033,DEERE EMPLOYEES C.U.,DEBIT,CLASSIC,US,CLASSIC DEERE EMPLOYEES C.U.
418142,ADDITION FINANCIAL CREDIT UNION,DEBIT,CLASSIC,US,CLASSIC ADDITION FINANCIAL CREDIT UNION
418181,WASHINGTON TRUST BANK,DEBIT,PREPAID PURCHASING,US,PREPAID PURCHASING WASHINGTON TRUST BANK
418221,"TD BANK, N.A.",DEBIT,CLASSIC,US,"CLASSIC TD BANK, N.A."
418406,NAVY F.C.U.,DEBIT,BUSINESS,US,BUSINESS NAVY F.C.U.
418409,METRO C.U.,CREDIT,CLASSIC,US,CLASSIC METRO C.U.
418491,P AND G MEHOOPANY EMPLOYEES F.C.U.,CREDIT,CLASSIC,US,CLASSIC P AND G MEHOOPANY EMPLOYEES F.C.U.
418505,BELLCO C.U.,DEBIT,CLASSIC,US,CLASSIC BELLCO C.U.
418545,MISSOURI C.U.,DEBIT,CLASSIC,US,CLASSIC MISSOURI C.U.
418546,DIRECTIONS C.U.,DEBIT,CLASSIC,US,CLASSIC DIRECTIONS C.U.
418550,"CHASE BANK USA, N.A.",CREDIT,CLASSIC,US,"CLASSIC CHASE BANK USA, N.A."
418555,"CHASE BANK USA, N.A.",CREDIT,CLASSIC,US,"CLASSIC CHASE BANK USA, N.A."
418566,"CHASE BANK USA, N.A.",CREDIT,CLASSIC,US,"CLASSIC CHASE BANK USA, N.A."
418586,"CHASE BANK USA, N.A.",CREDIT,CLASSIC,US,"CLASSIC CHASE BANK USA, N.A."
418587,"CHASE BANK USA, N.A.",CREDIT,CLASSIC,US,"CLASSIC CHASE BANK USA, N.A."
418646,"U.S. BANK, N.A.",DEBIT,CLASSIC,US,"CLASSIC U.S. BANK, N.A."
418702,"BMO HARRIS BANK, N.A.",DEBIT,PREPAID,US,"PREPAID BMO HARRIS BANK, N.A."
418940,,CREDIT,CLASSIC,US,CLASSIC
418941,HONDA F.C.U.,DEBIT,CLASSIC,US,CLASSIC HONDA F.C.U.
419000,"U.S. BANK, N.A.",CREDIT,CLASSIC,US,"CLASSIC U.S. BANK, N.A."
419001,"U.S. BANK, N.A.",CREDIT,CLASSIC,US,"CLASSIC U.S. BANK, N.A."
419002,"U.S. BANK, N.A.",DEBIT,CLASSIC,US,"CLASSIC U.S. BANK, N.A."
419032,AMERIS BANK,DEBIT,CLASSIC,US,CLASSIC AMERIS BANK
419042,GEORGIA'S OWN CREDIT UNION,DEBIT,CLASSIC,US,CLASSIC GEORGIA'S OWN CREDIT UNION
419047,"SEVEN SEVENTEEN CREDIT UNION, INC.",DEBIT,CLASSIC,US,"CLASSIC SEVEN SEVENTEEN CREDIT UNION, INC."
419073,WASHINGTON FEDERAL BANK,DEBIT,CLASSIC,US,CLASSIC WASHINGTON FEDERAL BANK
419090,TENNESSEE STATE BANK,DEBIT,CLASSIC,US,CLASSIC TENNESSEE STATE BANK
419162,"WRIGHT-PATT CREDIT UNION, INC.",DEBIT,CLASSIC,US,"CLASSIC WRIGHT-PATT CREDIT UNION, INC."
419423,"FLAGSTAR BANK, F.S.B.",DEBIT,CLASSIC,US,"CLASSIC FLAGSTAR BANK, F.S.B."
419455,SAFE C.U.,DEBIT,CLASSIC,US,CLASSIC SAFE C.U.
419467,STATE BANK,DEBIT,CLASSIC,US,CLASSIC STATE BANK
419482,JERSEY SHORE STATE BANK,DEBIT,CLASSIC,US,CLASSIC JERSEY SHORE STATE BANK
419485,DEXSTA F.C.U.,DEBIT,CLASSIC,US,CLASSIC DEXSTA F.C.U.
419490,"PEOPLES STATE BANK OF WYALUSING, PENNSYLVANIA",DEBIT,CLASSIC,US,"CLASSIC PEOPLES STATE BANK OF WYALUSING, PENNSYLVANIA"
419494,BANK OF CLARENDON,DEBIT,CLASSIC,US,CLASSIC BANK OF CLARENDON
419497,CITIZENS STATE BANK OF LENA,DEBIT,CLASSIC,US,CLASSIC CITIZENS STATE BANK OF LENA
419499,SUMMIT CREDIT UNION,DEBIT,CLASSIC,US,CLASSIC SUMMIT CREDIT UNION
419503,CIBC BANK USA,DEBIT,PREPAID,US,PREPAID CIBC BANK USA
420026,FIRST NATIONAL BANK IN SIOUX FALLS,DEBIT,CLASSIC,US,CLASSIC FIRST NATIONAL BANK IN SIOUX FALLS
420027,FIRST BANK & TRUST CO.,DEBIT,CLASSIC,US,CLASSIC FIRST BANK & TRUST CO.
420032,PEOPLES BANK AND TRUST CO.,DEBIT,CLASSIC,US,CLASSIC PEOPLES BANK AND TRUST CO.
420062,CORNERSTONE BANK,DEBIT,CLASSIC,US,CLASSIC CORNERSTONE BANK
420064,NUSENDA C.U.,DEBIT,CLASSIC,US,CLASSIC NUSENDA C.U.
420071,DACOTAH BANK,DEBIT,CLASSIC,US,CLASSIC DACOTAH BANK
420231,HORIZON C.U.,CREDIT,CLASSIC,US,CLASSIC HORIZON C.U.
420240,TRUE COMMUNITY C.U.,CREDIT,CLASSIC,US,CLASSIC TRUE COMMUNITY C.U.
420477,TRUWEST C.U.,DEBIT,CLASSIC,US,CLASSIC TRUWEST C.U.
420495,METABANK,DEBIT,PREPAID,US,PREPAID METABANK
420621,EDUCATORS C.U.,CREDIT,CLASSIC,US,CLASSIC EDUCATORS C.U.
420685,UNIVERSITY OF MICHIGAN C.U.,DEBIT,CLASSIC,US,CLASSIC UNIVERSITY OF MICHIGAN C.U.
420737,GREENVILLE HERITAGE F.C.U.,DEBIT,CLASSIC,US,CLASSIC GREENVILLE HERITAGE F.C.U.
420767,"JPMORGAN CHASE BANK, N.A.",DEBIT,CLASSIC,US,"CLASSIC JPMORGAN CHASE BANK, N.A."
420778,GOLDEN 1 C.U.,CREDIT,CLASSIC,US,CLASSIC GOLDEN 1 C.U.
420782,TEACHERS C.U.,DEBIT,BUSINESS,US,BUSINESS TEACHERS C.U.
420927,CINCINNATI INTERAGENCY F.C.U.,CREDIT,CLASSIC,US,CLASSIC CINCINNATI INTERAGENCY F.C.U.
420976,ARGENT F.C.U.,CREDIT,CLASSIC,US,CLASSIC ARGENT F.C.U.
421043,ECO C.U.,DEBIT,CLASSIC,US,CLASSIC ECO C.U.
421065,FIRST FLORIDA C.U.,DEBIT,CLASSIC,US,CLASSIC FIRST FLORIDA C.U.
421075,MARINE F.C.U.,DEBIT,CLASSIC,US,CLASSIC MARINE F.C.U.
421076,LAKE SHORE F.C.U.,DEBIT,CLASSIC,US,CLASSIC LAKE SHORE F.C.U.
421151,"CHASE BANK USA, N.A.",CREDIT,CLASSIC,US,"CLASSIC CHASE BANK USA, N.A."
421156,"CHASE BANK USA, N.A.",CREDIT,CLASSIC,US,"CLASSIC CHASE BANK USA, N.A."
421375,KEARNY COUNTY BANK,DEBIT,CLASSIC,US,CLASSIC KEARNY COUNTY BANK
421582,,CREDIT,,US,
421706,COVANTAGE C.U.,CREDIT,CLASSIC,US,CLASSIC COVANTAGE C.U.
421720,"COMPUTER SERVICES, INC.",DEBIT,CLASSIC,US,"CLASSIC COMPUTER SERVICES, INC."
421783,CHIME,CREDIT,CLASSIC,US,CLASSIC CHIME
422311,NAVY F.C.U.,DEBIT,PREPAID,US,PREPAID NAVY F.C.U.
422323,ARVEST BANK,DEBIT,CLASSIC,US,CLASSIC ARVEST BANK
422324,ARVEST BANK,DEBIT,CLASSIC,US,CLASSIC ARVEST BANK
422329,ARVEST BANK,DEBIT,CLASSIC,US,CLASSIC ARVEST BANK
422461,UNIVERSAL F.C.U.,DEBIT,CLASSIC,US,CLASSIC UNIVERSAL F.C.U.
422482,OWEN COUNTY STATE BANK,DEBIT,CLASSIC,US,CLASSIC OWEN COUNTY STATE BANK
422496,"COMMUNITY BANK, N.A.",DEBIT,CLASSIC,US,"CLASSIC COMMUNITY BANK, N.A."
422631,"CHASE BANK USA, N.A.",CREDIT,CLASSIC,US,"CLASSIC CHASE BANK USA, N.A."
422685,SYNCHRONY BANK,CREDIT,CLASSIC,US,CLASSIC SYNCHRONY BANK
422695,"CHASE BANK USA, N.A.",CREDIT,CLASSIC,US,"CLASSIC CHASE BANK USA, N.A."
422708,FIRST NATIONAL BANK OF LAS ANIMAS,DEBIT,CLASSIC,US,CLASSIC FIRST NATIONAL BANK OF LAS ANIMAS
422710,"NBT BANK, N.A.",DEBIT,CLASSIC,US,"CLASSIC NBT BANK, N.A."
422733,"CHASE BANK USA, N.A.",CREDIT,CLASSIC,US,"CLASSIC CHASE BANK USA, N.A."
422919,ASCEND F.C.U.,DEBIT,CLASSIC,US,CLASSIC ASCEND F.C.U.
422921,KNOXVILLE TVA EMPLOYEES C.U.,DEBIT,CLASSIC,US,CLASSIC KNOXVILLE TVA EMPLOYEES C.U.
422956,OKLAHOMA CENTRAL C.U.,DEBIT,CLASSIC,US,CLASSIC OKLAHOMA CENTRAL C.U.
422967,"U.S. BANK, N.A.",DEBIT,PREPAID,US,"PREPAID U.S. BANK, N.A."
422968,FROST BANK,DEBIT,CLASSIC,US,CLASSIC FROST BANK
423223,"BANCORP BANK, THE",DEBIT,CLASSIC,US,"CLASSIC BANCORP BANK, THE"
423232,SUMMIT F.C.U.,CREDIT,CLASSIC,US,CLASSIC SUMMIT F.C.U.
423258,MIDWEST AMERICA F.C.U.,DEBIT,CLASSIC,US,CLASSIC MIDWEST AMERICA F.C.U.
423317,GOLDEN 1 C.U.,CREDIT,CLASSIC,US,CLASSIC GOLDEN 1 C.U.
423592,CARD SERVICES FOR CREDIT UNIONS,DEBIT,PREPAID,US,PREPAID CARD SERVICES FOR CREDIT UNIONS
423602,GLENS FALLS NATIONAL BANK AND TRUST COMPANY,DEBIT,CLASSIC,US,CLASSIC GLENS FALLS NATIONAL BANK AND TRUST COMPANY
423607,SARATOGA NATIONAL BANK AND TRUST,DEBIT,CLASSIC,US,CLASSIC SARATOGA NATIONAL BANK AND TRUST
423651,LISTERHILL C.U.,DEBIT,CLASSIC,US,CLASSIC LISTERHILL C.U.
423671,"COMPUTER SERVICES, INC.",DEBIT,CLASSIC,US,"CLASSIC COMPUTER SERVICES, INC."
423698,ABOUND C.U.,DEBIT,CLASSIC,US,CLASSIC ABOUND C.U.
423703,CORPORATE AMERICA FAMILY C.U.,CREDIT,CLASSIC,US,CLASSIC CORPORATE AMERICA FAMILY C.U.
423711,FIELDSTONE C.U.,CREDIT,CLASSIC,US,CLASSIC FIELDSTONE C.U.
423731,COLUMBIA C.U.,DEBIT,CLASSIC,US,CLASSIC COLUMBIA C.U.
423743,ASCENT C.U.,DEBIT,CLASSIC,US,CLASSIC ASCENT C.U.
423810,FAMILY SAVINGS F.C.U.,DEBIT,CLASSIC,US,CLASSIC FAMILY SAVINGS F.C.U.
423816,VERIDIAN C.U.,DEBIT,CLASSIC,US,CLASSIC VERIDIAN C.U.
423817,MICHIGAN STATE UNIVERSITY F.C.U.,DEBIT,CLASSIC,US,CLASSIC MICHIGAN STATE UNIVERSITY F.C.U.
423829,MICHIGAN SCHOOLS AND GOVERNMENT C.U.,DEBIT,CLASSIC,US,CLASSIC MICHIGAN SCHOOLS AND GOVERNMENT C.U.
423848,CAPITAL COMMUNICATIONS F.C.U.,DEBIT,CLASSIC,US,CLASSIC CAPITAL COMMUNICATIONS F.C.U.
423855,NORTHEAST C.U.,DEBIT,CLASSIC,US,CLASSIC NORTHEAST C.U.
423857,TLC COMMUNITY C.U.,DEBIT,CLASSIC,US,CLASSIC TLC COMMUNITY C.U.
423882,SUMMIT CREDIT UNION,DEBIT,CLASSIC,US,CLASSIC SUMMIT CREDIT UNION
423903,ARVEST BANK,DEBIT,CLASSIC,US,CLASSIC ARVEST BANK
423904,ARVEST BANK,DEBIT,CLASSIC,US,CLASSIC ARVEST BANK
423907,ARVEST BANK,DEBIT,CLASSIC,US,CLASSIC ARVEST BANK
423908,ARVEST BANK,DEBIT,CLASSIC,US,CLASSIC ARVEST BANK
423910,ARVEST BANK,DEBIT,CLASSIC,US,CLASSIC ARVEST BANK
423964,COLUMBUS UNITED F.C.U.,DEBIT,CLASSIC,US,CLASSIC COLUMBUS UNITED F.C.U.
423980,FIRST SAVINGS BANK,CREDIT,CLASSIC,US,CLASSIC FIRST SAVINGS BANK
423999,ROGUE F.C.U.,DEBIT,CLASSIC,US,CLASSIC ROGUE F.C.U.
424002,SMIONE ISSUED BY THE BANCORP BANK,DEBIT,PREPAID,US,PREPAID SMIONE ISSUED BY THE BANCORP BANK
424018,LAKE MICHIGAN C.U.,DEBIT,CLASSIC,US,CLASSIC LAKE MICHIGAN C.U.
424053,,DEBIT,CLASSIC,US,CLASSIC
424117,INCREDIBLEBANK,DEBIT,CLASSIC,US,CLASSIC INCREDIBLEBANK
424155,"U.S. BANK, N.A.",DEBIT,CLASSIC,US,"CLASSIC U.S. BANK, N.A."
424156,"U.S. BANK, N.A.",DEBIT,CLASSIC,US,"CLASSIC U.S. BANK, N.A."
424431,PEOPLE'S UNITED BANK,DEBIT,CLASSIC,US,CLASSIC PEOPLE'S UNITED BANK
424622,BRANCH BANKING AND TRUST COMPANY,CREDIT,CLASSIC,US,CLASSIC BRANCH BANKING AND TRUST COMPANY
424717,HORIZONS NORTH C.U.,DEBIT,CLASSIC,US,CLASSIC HORIZONS NORTH C.U.
424794,"WELLS FARGO BANK, N.A.",DEBIT,CLASSIC,US,"CLASSIC WELLS FARGO BANK, N.A."
425008,BOK FINANCIAL,DEBIT,CLASSIC,US,CLASSIC BOK FINANCIAL
425016,"U.S. BANK, N.A.",CREDIT,CLASSIC,US,"CLASSIC U.S. BANK, N.A."
425044,"JPMORGAN CHASE BANK, N.A.",DEBIT,CLASSIC,US,"CLASSIC JPMORGAN CHASE BANK, N.A."
425070,BOK FINANCIAL,DEBIT,CLASSIC,US,CLASSIC BOK FINANCIAL
425126,"JPMORGAN CHASE BANK, N.A.",DEBIT,CLASSIC,US,"CLASSIC JPMORGAN CHASE BANK, N.A."
425141,ARGENT F.C.U.,DEBIT,CLASSIC,US,CLASSIC ARGENT F.C.U.
425172,FIRST NATIONAL BANK IN SIOUX FALLS,DEBIT,CLASSIC,US,CLASSIC FIRST NATIONAL BANK IN SIOUX FALLS
425256,OXFORD F.C.U.,CREDIT,CLASSIC,US,CLASSIC OXFORD F.C.U.
425397,BVA F.C.U.,DEBIT,CLASSIC,US,CLASSIC BVA F.C.U.
425404,AMERICAN NATIONAL BANK,DEBIT,CLASSIC,US,CLASSIC AMERICAN NATIONAL BANK
425407,PUBLIX EMPLOYEES F.C.U.,DEBIT,CLASSIC,US,CLASSIC PUBLIX EMPLOYEES F.C.U.
425418,"CAPITAL ONE, NATIONAL ASSOCIATION",CREDIT,SIGNATURE,US,"SIGNATURE CAPITAL ONE, NATIONAL ASSOCIATION"
425437,FIRST FEDERAL,DEBIT,CLASSIC,US,CLASSIC FIRST FEDERAL
425468,"COMPUTER SERVICES, INC.",DEBIT,CLASSIC,US,"CLASSIC COMPUTER SERVICES, INC."
425581,FIRSTBANK HOLDING COMPANY OF COLORADO,DEBIT,CLASSIC,US,CLASSIC FIRSTBANK HOLDING COMPANY OF COLORADO
425628,"BANK OF AMERICA, NATIONAL ASSOCIATION",DEBIT,CLASSIC,US,"CLASSIC BANK OF AMERICA, NATIONAL ASSOCIATION"
425779,UFIRST F.C.U.,DEBIT,CLASSIC,US,CLASSIC UFIRST F.C.U.
425808,M&T BANK,DEBIT,CLASSIC,US,CLASSIC M&T BANK
425816,M&T BANK,DEBIT,CLASSIC,US,CLASSIC M&T BANK
425826,WILMINGTON TRUST COMPANY,DEBIT,CLASSIC,US,CLASSIC WILMINGTON TRUST COMPANY
425828,M&T BANK,DEBIT,CLASSIC,US,CLASSIC M&T BANK
425836,WILMINGTON TRUST COMPANY,DEBIT,CLASSIC,US,CLASSIC WILMINGTON TRUST COMPANY
425838,WILMINGTON TRUST COMPANY,DEBIT,CLASSIC,US,CLASSIC WILMINGTON TRUST COMPANY
425922,COMMUNITY POWERED F.C.U.,DEBIT,CLASSIC,US,CLASSIC COMMUNITY POWERED F.C.U.
426207,GROW FINANCIAL F.C.U.,DEBIT,CLASSIC,US,CLASSIC GROW FINANCIAL F.C.U.
426279,"GE CAPITAL FINANCIAL, INC.",DEBIT,CLASSIC,US,"CLASSIC GE CAPITAL FINANCIAL, INC."
426290,"CHASE BANK USA, N.A.",CREDIT,CLASSIC,US,"CLASSIC CHASE BANK USA, N.A."
426403,HERITAGE F.C.U.,DEBIT,CLASSIC,US,CLASSIC HERITAGE F.C.U.
426406,DEL-ONE F.C.U.,DEBIT,CLASSIC,US,CLASSIC DEL-ONE F.C.U.
426421,,DEBIT,CLASSIC,US,CLASSIC
426423,TRI CITY NATIONAL BANK,DEBIT,CLASSIC,US,CLASSIC TRI CITY NATIONAL BANK
426428,"BANK OF AMERICA, NATIONAL ASSOCIATION",CREDIT,CLASSIC,US,"CLASSIC BANK OF AMERICA, NATIONAL ASSOCIATION"
426429,"BANK OF AMERICA, NATIONAL ASSOCIATION",CREDIT,CLASSIC,US,"CLASSIC BANK OF AMERICA, NATIONAL ASSOCIATION"
426447,HEARTLAND BANK AND TRUST COMPANY,DEBIT,CLASSIC,US,CLASSIC HEARTLAND BANK AND TRUST COMPANY
426448,SUPERIOR NATIONAL BANK AND TRUST COMPANY,DEBIT,CLASSIC,US,CLASSIC SUPERIOR NATIONAL BANK AND TRUST COMPANY
426452,"BANK OF AMERICA, NATIONAL ASSOCIATION",CREDIT,CLASSIC,US,"CLASSIC BANK OF AMERICA, NATIONAL ASSOCIATION"
426478,MARSHALL COMMUNITY C.U.,DEBIT,CLASSIC,US,CLASSIC MARSHALL COMMUNITY C.U.
426493,COMMUNITY NATIONAL BANK,DEBIT,CLASSIC,US,CLASSIC COMMUNITY NATIONAL BANK
426555,"WELLS FARGO BANK, N.A.",DEBIT,CLASSIC,US,"CLASSIC WELLS FARGO BANK, N.A."
426605,"CHASE BANK USA, N.A.",CREDIT,CLASSIC,US,"CLASSIC CHASE BANK USA, N.A."
426628,"UMB BANK, N.A.",DEBIT,CLASSIC,US,"CLASSIC UMB BANK, N.A."
426631,FIRST NATIONAL BANK IN SIOUX FALLS,DEBIT,CLASSIC,US,CLASSIC FIRST NATIONAL BANK IN SIOUX FALLS
426634,MID OREGON F.C.U.,DEBIT,CLASSIC,US,CLASSIC MID OREGON F.C.U.
426638,"NORDSTROM, F.S.B.",CREDIT,CLASSIC,US,"CLASSIC NORDSTROM, F.S.B."
426670,BANK OF RICHMONDVILLE,DEBIT,CLASSIC,US,CLASSIC BANK OF RICHMONDVILLE
426680,VALLEY ISLE COMMUNITY F.C.U.,DEBIT,CLASSIC,US,CLASSIC VALLEY ISLE COMMUNITY F.C.U.
426683,"CHASE BANK USA, N.A.",CREDIT,CLASSIC,US,"CLASSIC CHASE BANK USA, N.A."
426684,"CHASE BANK USA, N.A.",CREDIT,CLASSIC,US,"CLASSIC CHASE BANK USA, N.A."
426685,"CHASE BANK USA, N.A.",CREDIT,CLASSIC,US,"CLASSIC CHASE BANK USA, N.A."
426688,"CHASE BANK USA, N.A.",CREDIT,CLASSIC,US,"CLASSIC CHASE BANK USA, N.A."
426690,"CHASE BANK USA, N.A.",CREDIT,CLASSIC,US,"CLASSIC CHASE BANK USA, N.A."
426699,"CHASE BANK USA, N.A.",CREDIT,,US,"CHASE BANK USA, N.A."
426752,"BANCORP BANK, THE",DEBIT,PREPAID,US,"PREPAID BANCORP BANK, THE"
426931,BREWER F.C.U.,CREDIT,CLASSIC,US,CLASSIC BREWER F.C.U.
426937,"CITIBANK, N.A.",CREDIT,CLASSIC,US,"CLASSIC CITIBANK, N.A."
426938,"CITIBANK, N.A.",CREDIT,CLASSIC,US,"CLASSIC CITIBANK, N.A."
426947,PLAINSCAPITAL BANK,DEBIT,CLASSIC,US,CLASSIC PLAINSCAPITAL BANK
426974,,DEBIT,CLASSIC,US,CLASSIC
426976,LINN AREA C.U.,CREDIT,CLASSIC,US,CLASSIC LINN AREA C.U.
426998,ZIONS FIRST NATIONAL BANK,CREDIT,CLASSIC,US,CLASSIC ZIONS FIRST NATIONAL BANK
427040,"NORTH AMERICAN SAVINGS BANK, F.S.B.",DEBIT,CLASSIC,US,"CLASSIC NORTH AMERICAN SAVINGS BANK, F.S.B."
427059,BANK OF NEW GLARUS,DEBIT,CLASSIC,US,CLASSIC BANK OF NEW GLARUS
427081,USAA SAVINGS BANK,CREDIT,CLASSIC,US,CLASSIC USAA SAVINGS BANK
427082,USAA SAVINGS BANK,CREDIT,CLASSIC,US,CLASSIC USAA SAVINGS BANK
427088,SUNCOAST C.U.,DEBIT,CLASSIC,US,CLASSIC SUNCOAST C.U.
427096,BANKERS TRUST COMPANY,DEBIT,CLASSIC,US,CLASSIC BANKERS TRUST COMPANY
427099,MAX CREDIT UNION,DEBIT,CLASSIC,US,CLASSIC MAX CREDIT UNION
427122,FULTON BANK,DEBIT,CLASSIC,US,CLASSIC FULTON BANK
427153,"ICBA BANCARD, INC.",DEBIT,CLASSIC,US,"CLASSIC ICBA BANCARD, INC."
427178,REGIONS BANK,DEBIT,CLASSIC,US,CLASSIC REGIONS BANK
427199,S.C. STATE F.C.U.,DEBIT,CLASSIC,US,CLASSIC S.C. STATE F.C.U.
427488,NORTH STAR COMMUNITY C.U.,DEBIT,CLASSIC,US,CLASSIC NORTH STAR COMMUNITY C.U.
427514,BOK FINANCIAL,DEBIT,CLASSIC,US,CLASSIC BOK FINANCIAL
427538,CAPITAL CITY BANK,DEBIT,CLASSIC,US,CLASSIC CAPITAL CITY BANK
427803,,DEBIT,CLASSIC,US,CLASSIC
427804,"WELLS FARGO BANK, N.A.",DEBIT,CLASSIC,US,"CLASSIC WELLS FARGO BANK, N.A."
428030,"WELLS FARGO BANK, N.A.",DEBIT,CLASSIC,US,"CLASSIC WELLS FARGO BANK, N.A."
428191,"U.S. BANK, N.A.",DEBIT,PREPAID,US,"PREPAID U.S. BANK, N.A."
428703,FIRST COMMUNITY C.U.,CREDIT,CLASSIC,US,CLASSIC FIRST COMMUNITY C.U.
428761,A.O.D. F.C.U.,CREDIT,CLASSIC,US,CLASSIC A.O.D. F.C.U.
428813,"U.S. BANK, N.A.",CREDIT,PURCHASING,US,"PURCHASING U.S. BANK, N.A."
429102,"COMPUTER SERVICES, INC.",DEBIT,CLASSIC,US,"CLASSIC COMPUTER SERVICES, INC."
429117,BAXTER CREDIT UNION,DEBIT,CLASSIC,US,CLASSIC BAXTER CREDIT UNION
429123,SIU C.U.,DEBIT,CLASSIC,US,CLASSIC SIU C.U.
429136,TENNESSEE VALLEY F.C.U.,DEBIT,CLASSIC,US,CLASSIC TENNESSEE VALLEY F.C.U.
429154,FINANCIAL CENTER FIRST CREDIT UNION,DEBIT,CLASSIC,US,CLASSIC FINANCIAL CENTER FIRST CREDIT UNION
429161,"CHASE BANK USA, N.A.",CREDIT,CLASSIC,US,"CLASSIC CHASE BANK USA, N.A."
429176,ELEMENTS FINANCIAL F.C.U.,DEBIT,CLASSIC,US,CLASSIC ELEMENTS FINANCIAL F.C.U.
429232,"ICBA BANCARD, INC.",DEBIT,CLASSIC,US,"CLASSIC ICBA BANCARD, INC."
429245,"ICBA BANCARD, INC.",DEBIT,CLASSIC,US,"CLASSIC ICBA BANCARD, INC."
429263,PRIMIS BANK,DEBIT,CLASSIC,US,CLASSIC PRIMIS BANK
429267,"ICBA BANCARD, INC.",DEBIT,CLASSIC,US,"CLASSIC ICBA BANCARD, INC."
429363,"COMPUTER SERVICES, INC.",DEBIT,CLASSIC,US,"CLASSIC COMPUTER SERVICES, INC."
429371,NEW ENGLAND F.C.U.,DEBIT,CLASSIC,US,CLASSIC NEW ENGLAND F.C.U.
429377,CITY BANK AND TRUST COMPANY,DEBIT,PREPAID,US,PREPAID CITY BANK AND TRUST COMPANY
429400,FAMILY TRUST F.C.U.,DEBIT,CLASSIC,US,CLASSIC FAMILY TRUST F.C.U.
429420,DIGITAL F.C.U.,DEBIT,CLASSIC,US,CLASSIC DIGITAL F.C.U.
429442,BANK OF YORK,DEBIT,CLASSIC,US,CLASSIC BANK OF YORK
429461,PSCU INCORPORATED,DEBIT,CLASSIC,US,CLASSIC PSCU INCORPORATED
429531,SCOTT C.U.,DEBIT,CLASSIC,US,CLASSIC SCOTT C.U.
429616,UNITED C.U.,DEBIT,CLASSIC,US,CLASSIC UNITED C.U.
429619,UTAH POWER C.U.,DEBIT,CLASSIC,US,CLASSIC UTAH POWER C.U.
429620,DELTA COUNTY F.C.U.,DEBIT,CLASSIC,US,CLASSIC DELTA COUNTY F.C.U.
429650,TWINSTAR C.U.,CREDIT,CLASSIC,US,CLASSIC TWINSTAR C.U.
429672,COMMUNITYAMERICA C.U.,DEBIT,CLASSIC,US,CLASSIC COMMUNITYAMERICA C.U.
429698,NORTH DISTRICTS C.U.,DEBIT,CLASSIC,US,CLASSIC NORTH DISTRICTS C.U.
429808,ADAMS BANK AND TRUST,DEBIT,CLASSIC,US,CLASSIC ADAMS BANK AND TRUST
429819,FIRST NATIONAL BANK OF OMAHA,DEBIT,CLASSIC,US,CLASSIC FIRST NATIONAL BANK OF OMAHA
429820,FIRST NATIONAL BANK OF OMAHA,DEBIT,CLASSIC,US,CLASSIC FIRST NATIONAL BANK OF OMAHA
429868,NOBLE C.U.,DEBIT,CLASSIC,US,CLASSIC NOBLE C.U.
429998,TCF BANK,DEBIT,CLASSIC,US,CLASSIC TCF BANK
430020,DISTRICT COMMUNITY C.U.,DEBIT,CLASSIC,US,CLASSIC DISTRICT COMMUNITY C.U.
430064,RIVERMARK COMMUNITY C.U.,DEBIT,CLASSIC,US,CLASSIC RIVERMARK COMMUNITY C.U.
430070,BANK OF TENNESSEE,DEBIT,CLASSIC,US,CLASSIC BANK OF TENNESSEE
430080,VALLEY F.C.U. OF MONTANA,DEBIT,CLASSIC,US,CLASSIC VALLEY F.C.U. OF MONTANA
430100,NATIONWIDE BANK,CREDIT,CLASSIC,US,CLASSIC NATIONWIDE BANK
430154,"CHASE BANK USA, N.A.",CREDIT,CLASSIC,US,"CLASSIC CHASE BANK USA, N.A."
430508,LESCO F.C.U.,DEBIT,CLASSIC,US,CLASSIC LESCO F.C.U.
430552,SUMMIT F.C.U.,DEBIT,CLASSIC,US,CLASSIC SUMMIT F.C.U.
430572,"CAPITAL ONE BANK (USA), N.A.",CREDIT,CLASSIC,US,"CLASSIC CAPITAL ONE BANK (USA), N.A."
430573,PENNSVILLE NATIONAL BANK,DEBIT,CLASSIC,US,CLASSIC PENNSVILLE NATIONAL BANK
430586,PENNSYLVANIA STATE EMPLOYEES C.U.,DEBIT,CLASSIC,US,CLASSIC PENNSYLVANIA STATE EMPLOYEES C.U.
430594,"BANK OF AMERICA, NATIONAL ASSOCIATION",DEBIT,CLASSIC,US,"CLASSIC BANK OF AMERICA, NATIONAL ASSOCIATION"
430602,ALLSOUTH F.C.U.,DEBIT,CLASSIC,US,CLASSIC ALLSOUTH F.C.U.
430605,AFFINITY PLUS F.C.U.,DEBIT,CLASSIC,US,CLASSIC AFFINITY PLUS F.C.U.
430615,ASSOCIATED HEALTH CARE C.U.,DEBIT,CLASSIC,US,CLASSIC ASSOCIATED HEALTH CARE C.U.
430627,PSCU INCORPORATED,DEBIT,CLASSIC,US,CLASSIC PSCU INCORPORATED
430637,PAWTUCKET C.U.,DEBIT,CLASSIC,US,CLASSIC PAWTUCKET C.U.
430656,MERCK SHARP AND DOHME F.C.U.,DEBIT,CLASSIC,US,CLASSIC MERCK SHARP AND DOHME F.C.U.
430665,WESCOM C.U.,DEBIT,CLASSIC,US,CLASSIC WESCOM C.U.
430678,RELIANT COMMUNITY F.C.U.,DEBIT,CLASSIC,US,CLASSIC RELIANT COMMUNITY F.C.U.
430688,COMMUNITY FIRST CREDIT UNION,CREDIT,CLASSIC,US,CLASSIC COMMUNITY FIRST CREDIT UNION
430694,SUMMIT CREDIT UNION,CREDIT,CLASSIC,US,CLASSIC SUMMIT CREDIT UNION
430697,LAKE MICHIGAN C.U.,CREDIT,CLASSIC,US,CLASSIC LAKE MICHIGAN C.U.
430746,TRIANGLE C.U.,DEBIT,CLASSIC,US,CLASSIC TRIANGLE C.U.
430754,FIRST BASIN C.U.,DEBIT,CLASSIC,US,CLASSIC FIRST BASIN C.U.
430801,"UMB BANK, N.A.",CREDIT,CLASSIC,US,"CLASSIC UMB BANK, N.A."
430941,MIDDLETOWN VALLEY BANK,DEBIT,CLASSIC,US,CLASSIC MIDDLETOWN VALLEY BANK
431005,"FIFTH THIRD BANK, THE",CREDIT,CLASSIC,US,"CLASSIC FIFTH THIRD BANK, THE"
431196,"PNC FINANCIAL SERVICES GROUP, INC.",CREDIT,CLASSIC,US,"CLASSIC PNC FINANCIAL SERVICES GROUP, INC."
431243,"WELLS FARGO BANK, N.A.",CREDIT,CLASSIC,US,"CLASSIC WELLS FARGO BANK, N.A."
431301,"BANK OF AMERICA, NATIONAL ASSOCIATION",CREDIT,CLASSIC,US,"CLASSIC BANK OF AMERICA, NATIONAL ASSOCIATION"
431302,"BANK OF AMERICA, NATIONAL ASSOCIATION",CREDIT,CLASSIC,US,"CLASSIC BANK OF AMERICA, NATIONAL ASSOCIATION"
431307,"BANK OF AMERICA, NATIONAL ASSOCIATION",CREDIT,CLASSIC,US,"CLASSIC BANK OF AMERICA, NATIONAL ASSOCIATION"
431351,"BANK OF AMERICA, NATIONAL ASSOCIATION",CREDIT,CLASSIC,US,"CLASSIC BANK OF AMERICA, NATIONAL ASSOCIATION"
431406,MIDFIRST BANK,DEBIT,CLASSIC,US,CLASSIC MIDFIRST BANK
431503,TAB BANK,CREDIT,CLASSIC,US,CLASSIC TAB BANK
431523,AMERICAN STATE BANK AND TRUST COMPANY,DEBIT,CLASSIC,US,CLASSIC AMERICAN STATE BANK AND TRUST COMPANY
431644,"COMMERCE BANCSHARES, INC.",CREDIT,CLASSIC,US,"CLASSIC COMMERCE BANCSHARES, INC."
431665,EVERETT CO-OPERATIVE BANK,DEBIT,CLASSIC,US,CLASSIC EVERETT CO-OPERATIVE BANK
431678,GEOVISTA C.U.,DEBIT,CLASSIC,US,CLASSIC GEOVISTA C.U.
431692,REGIONS BANK,DEBIT,CLASSIC,US,CLASSIC REGIONS BANK
431732,PLAINS COMMERCE BANK,CREDIT,CLASSIC,US,CLASSIC PLAINS COMMERCE BANK
431793,U.S. EAGLE F.C.U.,DEBIT,CLASSIC,US,CLASSIC U.S. EAGLE F.C.U.
432025,"COMPUTER SERVICES, INC.",DEBIT,CLASSIC,US,"CLASSIC COMPUTER SERVICES, INC."
432359,COMENITY BANK,CREDIT,CLASSIC,US,CLASSIC COMENITY BANK
432374,"WELLS FARGO BANK, N.A.",DEBIT,CLASSIC,US,"CLASSIC WELLS FARGO BANK, N.A."
432418,MEMBERS CHOICE C.U.,DEBIT,CLASSIC,US,CLASSIC MEMBERS CHOICE C.U.
432574,"COMPUTER SERVICES, INC.",DEBIT,CLASSIC,US,"CLASSIC COMPUTER SERVICES, INC."
432606,ARDENT C.U.,CREDIT,CLASSIC,US,CLASSIC ARDENT C.U.
432623,BANK OF TRAVELERS REST,DEBIT,CLASSIC,US,CLASSIC BANK OF TRAVELERS REST
432624,"BANK OF AMERICA, NATIONAL ASSOCIATION",DEBIT,CLASSIC,US,"CLASSIC BANK OF AMERICA, NATIONAL ASSOCIATION"
432625,"BANK OF AMERICA, NATIONAL ASSOCIATION",DEBIT,CLASSIC,US,"CLASSIC BANK OF AMERICA, NATIONAL ASSOCIATION"
432626,"BANK OF AMERICA, NATIONAL ASSOCIATION",DEBIT,CLASSIC,US,"CLASSIC BANK OF AMERICA, NATIONAL ASSOCIATION"
432628,"BANK OF AMERICA, NATIONAL ASSOCIATION",DEBIT,CLASSIC,US,"CLASSIC BANK OF AMERICA, NATIONAL ASSOCIATION"
432629,"BANK OF AMERICA, NATIONAL ASSOCIATION",DEBIT,CLASSIC,US,"CLASSIC BANK OF AMERICA, NATIONAL ASSOCIATION"
432630,"BANK OF AMERICA, NATIONAL ASSOCIATION",DEBIT,CLASSIC,US,"CLASSIC BANK OF AMERICA, NATIONAL ASSOCIATION"
432651,ALLTRU CREDIT UNION,DEBIT,CLASSIC,US,CLASSIC ALLTRU CREDIT UNION
432653,AMERICU C.U.,DEBIT,CLASSIC,US,CLASSIC AMERICU C.U.
432672,VISIONS F.C.U.,DEBIT,CLASSIC,US,CLASSIC VISIONS F.C.U.
432739,STATE EMPLOYEES' C.U.,DEBIT,CLASSIC,US,CLASSIC STATE EMPLOYEES' C.U.
432741,ALTAONE F.C.U.,DEBIT,CLASSIC,US,CLASSIC ALTAONE F.C.U.
432747,BARCLAYS BANK,CREDIT,CLASSIC,US,CLASSIC BARCLAYS BANK
432837,CANTON SCHOOL EMPLOYEES F.C.U.,DEBIT,CLASSIC,US,CLASSIC CANTON SCHOOL EMPLOYEES F.C.U.
432839,GARDEN STATE F.C.U.,CREDIT,GOLD,US,GOLD GARDEN STATE F.C.U.
432840,KATAHDIN TRUST COMPANY,DEBIT,CLASSIC,US,CLASSIC KATAHDIN TRUST COMPANY
432850,PAPER CITY SAVINGS ASSOCIATION,DEBIT,CLASSIC,US,CLASSIC PAPER CITY SAVINGS ASSOCIATION
432855,"TD BANK, N.A.",DEBIT,CLASSIC,US,"CLASSIC TD BANK, N.A."
432862,"COMPUTER SERVICES, INC.",DEBIT,CLASSIC,US,"CLASSIC COMPUTER SERVICES, INC."
432863,CALIFORNIA BANK & TRUST,DEBIT,CLASSIC,US,CLASSIC CALIFORNIA BANK & TRUST
432869,UNITED COMMUNITY BANK,DEBIT,CLASSIC,US,CLASSIC UNITED COMMUNITY BANK
432881,CHARTWAY F.C.U.,DEBIT,CLASSIC,US,CLASSIC CHARTWAY F.C.U.
433055,CNB BANK,DEBIT,CLASSIC,US,CLASSIC CNB BANK
433077,"U.S. BANK, N.A.",DEBIT,CLASSIC,US,"CLASSIC U.S. BANK, N.A."
433177,AMERICAS FIRST F.C.U.,DEBIT,CLASSIC,US,CLASSIC AMERICAS FIRST F.C.U.
433252,SEACOAST NATIONAL BANK,DEBIT,CLASSIC,US,CLASSIC SEACOAST NATIONAL BANK
433280,NAVY F.C.U.,DEBIT,PREPAID,US,PREPAID NAVY F.C.U.
433419,SEABOARD F.C.U.,CREDIT,CLASSIC,US,CLASSIC SEABOARD F.C.U.
433429,FIRST NATIONAL BANK OF OMAHA,DEBIT,CLASSIC,US,CLASSIC FIRST NATIONAL BANK OF OMAHA
433443,"WEBSTER BANK, N.A.",DEBIT,CLASSIC,US,"CLASSIC WEBSTER BANK, N.A."
433477,FIRST-CITIZENS BANK,DEBIT,CLASSIC,US,CLASSIC FIRST-CITIZENS BANK
433557,WIDGET FINANCIAL,DEBIT,CLASSIC,US,CLASSIC WIDGET FINANCIAL
433607,FIRST NATIONAL BANK IN SIOUX FALLS,DEBIT,CLASSIC,US,CLASSIC FIRST NATIONAL BANK IN SIOUX FALLS
433718,"BANK OF AMERICA, NATIONAL ASSOCIATION",DEBIT,CLASSIC,US,"CLASSIC BANK OF AMERICA, NATIONAL ASSOCIATION"
433719,BANCORPSOUTH BANK,DEBIT,PREPAID BUSINESS,US,PREPAID BUSINESS BANCORPSOUTH BANK
433720,CITIZENS BANK AND TRUST COMPANY,DEBIT,CLASSIC,US,CLASSIC CITIZENS BANK AND TRUST COMPANY
433739,AUSTIN TELCO F.C.U.,DEBIT,CLASSIC,US,CLASSIC AUSTIN TELCO F.C.U.
433759,MERCANTILE BANK OF MICHIGAN,DEBIT,CLASSIC,US,CLASSIC MERCANTILE BANK OF MICHIGAN
433793,AMERICA FIRST C.U.,CREDIT,CLASSIC,US,CLASSIC AMERICA FIRST C.U.
433857,TULSA F.C.U.,DEBIT,CLASSIC,US,CLASSIC TULSA F.C.U.
434110,CREDIT UNION 1,CREDIT,CLASSIC,US,CLASSIC CREDIT UNION 1
434167,FIRST NATIONAL BANK OF FORT SMITH,DEBIT,CLASSIC,US,CLASSIC FIRST NATIONAL BANK OF FORT SMITH
434256,"WELLS FARGO BANK, N.A.",DEBIT,CLASSIC,US,"CLASSIC WELLS FARGO BANK, N.A."
434257,"WELLS FARGO BANK, N.A.",DEBIT,CLASSIC,US,"CLASSIC WELLS FARGO BANK, N.A."
434258,"WELLS FARGO BANK, N.A.",DEBIT,CLASSIC,US,"CLASSIC WELLS FARGO BANK, N.A."
434266,"BANK OF AMERICA, NATIONAL ASSOCIATION",DEBIT,PREPAID,US,"PREPAID BANK OF AMERICA, NATIONAL ASSOCIATION"
434275,FIRST INTERSTATE BANK,DEBIT,CLASSIC,US,CLASSIC FIRST INTERSTATE BANK
434292,"BANK OF AMERICA, NATIONAL ASSOCIATION",CREDIT,CLASSIC,US,"CLASSIC BANK OF AMERICA, NATIONAL ASSOCIATION"
434340,FIRST INTERSTATE BANK,DEBIT,PREPAID,US,PREPAID FIRST INTERSTATE BANK
434390,COMMUNITY C.U.,CREDIT,CLASSIC,US,CLASSIC COMMUNITY C.U.
434469,UNIVERSITY OF MICHIGAN C.U.,CREDIT,CLASSIC,US,CLASSIC UNIVERSITY OF MICHIGAN C.U.
434575,,CREDIT,CLASSIC,US,CLASSIC
434769,"JPMORGAN CHASE BANK, N.A.",DEBIT,CLASSIC,US,"CLASSIC JPMORGAN CHASE BANK, N.A."
435125,SOUTHERN STATES BANK,DEBIT,CLASSIC,US,CLASSIC SOUTHERN STATES BANK
435130,LIBERTY FINANCIAL,DEBIT,CLASSIC,US,CLASSIC LIBERTY FINANCIAL
435140,BRANCH BANKING AND TRUST COMPANY,DEBIT,CLASSIC,US,CLASSIC BRANCH BANKING AND TRUST COMPANY
435142,BRANCH BANKING AND TRUST COMPANY,DEBIT,CLASSIC,US,CLASSIC BRANCH BANKING AND TRUST COMPANY
435144,AMERICAN EAGLE FINANCIAL C.U.,DEBIT,CLASSIC,US,CLASSIC AMERICAN EAGLE FINANCIAL C.U.
435157,UNITED SOUTHEAST F.C.U.,DEBIT,CLASSIC,US,CLASSIC UNITED SOUTHEAST F.C.U.
435256,OXFORD BANK,CREDIT,CLASSIC,US,CLASSIC OXFORD BANK
435257,"TD BANK, N.A.",DEBIT,CLASSIC,US,"CLASSIC TD BANK, N.A."
435274,"BANK OF AMERICA, NATIONAL ASSOCIATION",DEBIT,CLASSIC,US,"CLASSIC BANK OF AMERICA, NATIONAL ASSOCIATION"
435275,"BANK OF AMERICA, NATIONAL ASSOCIATION",DEBIT,CLASSIC,US,"CLASSIC BANK OF AMERICA, NATIONAL ASSOCIATION"
435278,"BANK OF AMERICA, NATIONAL ASSOCIATION",DEBIT,CLASSIC,US,"CLASSIC BANK OF AMERICA, NATIONAL ASSOCIATION"
435314,FRANKLIN JOHNSTOWN F.C.U.,DEBIT,CLASSIC,US,CLASSIC FRANKLIN JOHNSTOWN F.C.U.
435336,TRUSTONE FINANCIAL F.C.U.,DEBIT,CLASSIC,US,CLASSIC TRUSTONE FINANCIAL F.C.U.
435337,ONE F.C.U.,CREDIT,CLASSIC,US,CLASSIC ONE F.C.U.
435347,"WELLS FARGO BANK, N.A.",DEBIT,CLASSIC,US,"CLASSIC WELLS FARGO BANK, N.A."
435348,DAKOTA HERITAGE BANK OF ND,DEBIT,CLASSIC,US,CLASSIC DAKOTA HERITAGE BANK OF ND
435354,UNIWYO F.C.U.,DEBIT,CLASSIC,US,CLASSIC UNIWYO F.C.U.
435366,RELIANT COMMUNITY F.C.U.,CREDIT,CLASSIC,US,CLASSIC RELIANT COMMUNITY F.C.U.
435387,SUPERIOR CREDIT UNION,DEBIT,CLASSIC,US,CLASSIC SUPERIOR CREDIT UNION
435540,REGIONS BANK,DEBIT,CLASSIC,US,CLASSIC REGIONS BANK
435544,REGIONS BANK,DEBIT,CLASSIC,US,CLASSIC REGIONS BANK
435545,REGIONS BANK,DEBIT,CLASSIC,US,CLASSIC REGIONS BANK
435546,REGIONS BANK,DEBIT,CLASSIC,US,CLASSIC REGIONS BANK
435547,REGIONS BANK,DEBIT,CLASSIC,US,CLASSIC REGIONS BANK
435577,"U.S. BANK, N.A.",CREDIT,CLASSIC,US,"CLASSIC U.S. BANK, N.A."
435588,FIRST FEDERAL BANK OF FLORIDA,DEBIT,CLASSIC,US,CLASSIC FIRST FEDERAL BANK OF FLORIDA
435590,MERCED SCHOOL EMPLOYEES F.C.U.,DEBIT,CLASSIC,US,CLASSIC MERCED SCHOOL EMPLOYEES F.C.U.
435603,"BANK OF AMERICA, NATIONAL ASSOCIATION",DEBIT,CLASSIC,US,"CLASSIC BANK OF AMERICA, NATIONAL ASSOCIATION"
435619,"BANK OF AMERICA, NATIONAL ASSOCIATION",DEBIT,CLASSIC,US,"CLASSIC BANK OF AMERICA, NATIONAL ASSOCIATION"
435630,"BANK OF AMERICA, NATIONAL ASSOCIATION",DEBIT,CLASSIC,US,"CLASSIC BANK OF AMERICA, NATIONAL ASSOCIATION"
435640,"BANK OF AMERICA, NATIONAL ASSOCIATION",DEBIT,CLASSIC,US,"CLASSIC BANK OF AMERICA, NATIONAL ASSOCIATION"
435643,"BANK OF AMERICA, NATIONAL ASSOCIATION",DEBIT,CLASSIC,US,"CLASSIC BANK OF AMERICA, NATIONAL ASSOCIATION"
435680,"BANK OF AMERICA, NATIONAL ASSOCIATION",DEBIT,CLASSIC,US,"CLASSIC BANK OF AMERICA, NATIONAL ASSOCIATION"
435682,"BANK OF AMERICA, NATIONAL ASSOCIATION",DEBIT,CLASSIC,US,"CLASSIC BANK OF AMERICA, NATIONAL ASSOCIATION"
435684,"BANK OF AMERICA, NATIONAL ASSOCIATION",DEBIT,CLASSIC,US,"CLASSIC BANK OF AMERICA, NATIONAL ASSOCIATION"
435687,"BANK OF AMERICA, NATIONAL ASSOCIATION",DEBIT,CLASSIC,US,"CLASSIC BANK OF AMERICA, NATIONAL ASSOCIATION"
435688,"BANK OF AMERICA, NATIONAL ASSOCIATION",DEBIT,CLASSIC,US,"CLASSIC BANK OF AMERICA, NATIONAL ASSOCIATION"
435701,FIRST FINANCIAL BANK,DEBIT,CLASSIC,US,CLASSIC FIRST FINANCIAL BANK
435716,FLORIDA C.U.,DEBIT,CLASSIC,US,CLASSIC FLORIDA C.U.
435727,NAVIGATOR C.U.,DEBIT,CLASSIC,US,CLASSIC NAVIGATOR C.U.
435747,UNITED MISSISSIPPI BANK,DEBIT,CLASSIC,US,CLASSIC UNITED MISSISSIPPI BANK
435791,WILDFIRE C.U.,DEBIT,CLASSIC,US,CLASSIC WILDFIRE C.U.
435793,FIRST BANK OF BERNE,DEBIT,CLASSIC,US,CLASSIC FIRST BANK OF BERNE
435812,"CITIZENS BANK, N.A.",DEBIT,CLASSIC,US,"CLASSIC CITIZENS BANK, N.A."
435837,VERIDIAN C.U.,DEBIT,CLASSIC,US,CLASSIC VERIDIAN C.U.
435845,RED CANOE C.U.,DEBIT,CLASSIC,US,CLASSIC RED CANOE C.U.
435866,NETSPEND,DEBIT,PREPAID,US,PREPAID NETSPEND
435880,METABANK,DEBIT,PREPAID,US,PREPAID METABANK
435894,SECURITY STATE BANK,DEBIT,CLASSIC,US,CLASSIC SECURITY STATE BANK
435912,BOK FINANCIAL,DEBIT,CLASSIC,US,CLASSIC BOK FINANCIAL
435951,BOK FINANCIAL,DEBIT,CLASSIC,US,CLASSIC BOK FINANCIAL
435983,"U.S. BANK, N.A.",CREDIT,CLASSIC,US,"CLASSIC U.S. BANK, N.A."
435996,"U.S. BANK, N.A.",CREDIT,CLASSIC,US,"CLASSIC U.S. BANK, N.A."
435997,"U.S. BANK, N.A.",CREDIT,CLASSIC,US,"CLASSIC U.S. BANK, N.A."
436167,"WELLS FARGO BANK, N.A.",DEBIT,CLASSIC,US,"CLASSIC WELLS FARGO BANK, N.A."
436172,UNION SAVINGS BANK,DEBIT,CLASSIC,US,CLASSIC UNION SAVINGS BANK
436173,MOUNTAINONE BANK,DEBIT,CLASSIC,US,CLASSIC MOUNTAINONE BANK
436610,"CHASE BANK USA, N.A.",CREDIT,CLASSIC,US,"CLASSIC CHASE BANK USA, N.A."
436613,"CHASE BANK USA, N.A.",CREDIT,CLASSIC,US,"CLASSIC CHASE BANK USA, N.A."
436616,"CHASE BANK USA, N.A.",CREDIT,CLASSIC,US,"CLASSIC CHASE BANK USA, N.A."
436618,"U.S. BANK, N.A.",DEBIT,CLASSIC,US,"CLASSIC U.S. BANK, N.A."
436626,WEST MICHIGAN C.U.,DEBIT,CLASSIC,US,CLASSIC WEST MICHIGAN C.U.
436668,FREEDOM FIRST F.C.U.,DEBIT,CLASSIC,US,CLASSIC FREEDOM FIRST F.C.U.
436706,NECHES F.C.U.,DEBIT,CLASSIC,US,CLASSIC NECHES F.C.U.
436713,PENN C.U.,DEBIT,CLASSIC,US,CLASSIC PENN C.U.
436802,"BANK OF AMERICA, NATIONAL ASSOCIATION",DEBIT,CLASSIC,US,"CLASSIC BANK OF AMERICA, NATIONAL ASSOCIATION"
437303,GREEN DOT BANK,DEBIT,PREPAID,US,PREPAID GREEN DOT BANK
437307,WALMART MONEYCARD ISSUED BY GREEN DOT,DEBIT,PREPAID,US,PREPAID WALMART MONEYCARD ISSUED BY GREEN DOT
437331,BANK OF COMMERCE,DEBIT,CLASSIC,US,CLASSIC BANK OF COMMERCE
437781,"BMO HARRIS BANK, N.A.",DEBIT,CLASSIC,US,"CLASSIC BMO HARRIS BANK, N.A."
437795,FIRST NATIONAL BANK IN SIOUX FALLS,DEBIT,CLASSIC,US,CLASSIC FIRST NATIONAL BANK IN SIOUX FALLS
437862,"U.S. BANK, N.A.",CREDIT,CLASSIC,US,"CLASSIC U.S. BANK, N.A."
438044,"WELLS FARGO BANK, N.A.",CREDIT,CLASSIC,US,"CLASSIC WELLS FARGO BANK, N.A."
438170,PENN COMMUNITY BANK,DEBIT,CLASSIC,US,CLASSIC PENN COMMUNITY BANK
438207,"WELLS FARGO BANK, N.A.",DEBIT,CLASSIC,US,"CLASSIC WELLS FARGO BANK, N.A."
438293,BANK OF OCEAN CITY,DEBIT,CLASSIC,US,CLASSIC BANK OF OCEAN CITY
438419,SAFE F.C.U.,DEBIT,CLASSIC,US,CLASSIC SAFE F.C.U.
438482,"WELLS FARGO BANK, N.A.",DEBIT,CLASSIC,US,"CLASSIC WELLS FARGO BANK, N.A."
438484,"JPMORGAN CHASE BANK, N.A.",DEBIT,CLASSIC,US,"CLASSIC JPMORGAN CHASE BANK, N.A."
438516,"WELLS FARGO BANK, N.A.",DEBIT,CLASSIC,US,"CLASSIC WELLS FARGO BANK, N.A."
438528,FIDELITY STATE BANK AND TRUST COMPANY,DEBIT,CLASSIC,US,CLASSIC FIDELITY STATE BANK AND TRUST COMPANY
438534,NEW ERA BANK,DEBIT,CLASSIC,US,CLASSIC NEW ERA BANK
438551,FIRST COMMUNITY C.U.,DEBIT,CLASSIC,US,CLASSIC FIRST COMMUNITY C.U.
438701,SAVINGS BANK OF DANBURY,DEBIT,CLASSIC,US,CLASSIC SAVINGS BANK OF DANBURY
438774,,CREDIT,,US,
438779,NAVIGANT C.U.,DEBIT,CLASSIC,US,CLASSIC NAVIGANT C.U.
438787,JOVIA FINANCIAL C.U.,DEBIT,CLASSIC,US,CLASSIC JOVIA FINANCIAL C.U.
438811,UNITED F.C.U.,DEBIT,CLASSIC,US,CLASSIC UNITED F.C.U.
438835,CENTRAL BANK & TRUST CO.,CREDIT,CLASSIC,US,CLASSIC CENTRAL BANK & TRUST CO.
438840,"ICBA BANCARD, INC.",CREDIT,CLASSIC,US,"CLASSIC ICBA BANCARD, INC."
438854,"CHASE BANK USA, N.A.",CREDIT,CLASSIC,US,"CLASSIC CHASE BANK USA, N.A."
438857,"CHASE BANK USA, N.A.",CREDIT,CLASSIC,US,"CLASSIC CHASE BANK USA, N.A."
438864,"CAPITAL ONE BANK (USA), N.A.",CREDIT,CLASSIC,US,"CLASSIC CAPITAL ONE BANK (USA), N.A."
438873,"STATE EMPLOYEES C.U. OF MARYLAND, INC.",CREDIT,CLASSIC,US,"CLASSIC STATE EMPLOYEES C.U. OF MARYLAND, INC."
438919,ADVANCIAL F.C.U.,DEBIT,CLASSIC,US,CLASSIC ADVANCIAL F.C.U.
438925,GOLDEN PLAINS C.U.,DEBIT,CLASSIC,US,CLASSIC GOLDEN PLAINS C.U.
438947,WEST PLAINS BANK AND TRUST COMPANY,DEBIT,CLASSIC,US,CLASSIC WEST PLAINS BANK AND TRUST COMPANY
438949,"COMMERCE BANCSHARES, INC.",CREDIT,CLASSIC,US,"CLASSIC COMMERCE BANCSHARES, INC."
438959,,DEBIT,PREPAID,US,PREPAID
438961,"COMMERCE BANCSHARES, INC.",CREDIT,CLASSIC,US,"CLASSIC COMMERCE BANCSHARES, INC."
438972,CITIZENS NATIONAL BANK OF TEXAS,DEBIT,CLASSIC,US,CLASSIC CITIZENS NATIONAL BANK OF TEXAS
438984,,CREDIT,SIGNATURE,US,SIGNATURE
439004,SUPERIOR CREDIT UNION,CREDIT,CLASSIC,US,CLASSIC SUPERIOR CREDIT UNION
439348,BANKPLUS,DEBIT,CLASSIC,US,CLASSIC BANKPLUS
439443,VIRGINIA BEACH POSTAL F.C.U.,CREDIT,CLASSIC,US,CLASSIC VIRGINIA BEACH POSTAL F.C.U.
439488,HORIZON C.U.,DEBIT,CLASSIC,US,CLASSIC HORIZON C.U.
439809,"BANK OF AMERICA, NATIONAL ASSOCIATION",DEBIT,CLASSIC,US,"CLASSIC BANK OF AMERICA, NATIONAL ASSOCIATION"
439875,WHITE ROSE C.U.,DEBIT,CLASSIC,US,CLASSIC WHITE ROSE C.U.
439885,ACCESS F.C.U.,DEBIT,CLASSIC,US,CLASSIC ACCESS F.C.U.
439911,UNITED F.C.U.,DEBIT,CLASSIC,US,CLASSIC UNITED F.C.U.
439930,BRONCO F.C.U.,CREDIT,CLASSIC,US,CLASSIC BRONCO F.C.U.
439994,CREDIT UNION OF OHIO,CREDIT,CLASSIC,US,CLASSIC CREDIT UNION OF OHIO
439996,"TCM BANK, N.A.",CREDIT,CLASSIC,US,"CLASSIC TCM BANK, N.A."
440066,"BANK OF AMERICA, NATIONAL ASSOCIATION",CREDIT,CLASSIC,US,"CLASSIC BANK OF AMERICA, NATIONAL ASSOCIATION"
440094,FRANKLIN MINT F.C.U.,DEBIT,CLASSIC,US,CLASSIC FRANKLIN MINT F.C.U.
440171,BANKERS' BANK OF THE WEST,DEBIT,CLASSIC,US,CLASSIC BANKERS' BANK OF THE WEST
440215,TULSA F.C.U.,DEBIT,CLASSIC,US,CLASSIC TULSA F.C.U.
440229,FIRST NATIONAL BANK IN SIOUX FALLS,DEBIT,PREPAID,US,PREPAID FIRST NATIONAL BANK IN SIOUX FALLS
440263,COMENITY BANK,CREDIT,CLASSIC,US,CLASSIC COMENITY BANK
440320,GOLDEN PLAINS C.U.,CREDIT,CLASSIC,US,CLASSIC GOLDEN PLAINS C.U.
440330,EXCHANGE BANK,DEBIT,CLASSIC,US,CLASSIC EXCHANGE BANK
440336,METRO C.U.,DEBIT,CLASSIC,US,CLASSIC METRO C.U.
440340,BANK OF THE VALLEY,DEBIT,CLASSIC,US,CLASSIC BANK OF THE VALLEY
440358,DAKOTALAND F.C.U.,DEBIT,CLASSIC,US,CLASSIC DAKOTALAND F.C.U.
440377,FIRST NATIONAL BANK OF SYRACUSE,DEBIT,CLASSIC,US,CLASSIC FIRST NATIONAL BANK OF SYRACUSE
440393,SUTTON BANK,DEBIT,PREPAID,US,PREPAID SUTTON BANK
440421,KONE EMPLOYEES C.U.,DEBIT,CLASSIC,US,CLASSIC KONE EMPLOYEES C.U.
440436,CARD SERVICES FOR CREDIT UNIONS,CREDIT,CLASSIC,US,CLASSIC CARD SERVICES FOR CREDIT UNIONS
440458,MILLSTREAM AREA C.U.,DEBIT,CLASSIC,US,CLASSIC MILLSTREAM AREA C.U.
440486,SUN F.C.U.,DEBIT,CLASSIC,US,CLASSIC SUN F.C.U.
440843,FIRST DAKOTA NATIONAL BANK,DEBIT,CLASSIC,US,CLASSIC FIRST DAKOTA NATIONAL BANK
440907,SOOPER C.U.,DEBIT,CLASSIC,US,CLASSIC SOOPER C.U.
440909,AMERICAN EAGLE FINANCIAL C.U.,DEBIT,CLASSIC,US,CLASSIC AMERICAN EAGLE FINANCIAL C.U.
440927,FIRST COMMUNITY C.U.,DEBIT,CLASSIC,US,CLASSIC FIRST COMMUNITY C.U.
440935,CARD SERVICES FOR CREDIT UNIONS,DEBIT,CLASSIC,US,CLASSIC CARD SERVICES FOR CREDIT UNIONS
441103,"JPMORGAN CHASE BANK, N.A.",DEBIT,CLASSIC,US,"CLASSIC JPMORGAN CHASE BANK, N.A."
441104,"JPMORGAN CHASE BANK, N.A.",DEBIT,CLASSIC,US,"CLASSIC JPMORGAN CHASE BANK, N.A."
441105,"JPMORGAN CHASE BANK, N.A.",DEBIT,CLASSIC,US,"CLASSIC JPMORGAN CHASE BANK, N.A."
441170,UNION STATE BANK,DEBIT,CLASSIC,US,CLASSIC UNION STATE BANK
441197,,DEBIT,CLASSIC,US,CLASSIC
441219,PEOPLE'S UNITED BANK,DEBIT,CLASSIC,US,CLASSIC PEOPLE'S UNITED BANK
441237,PEOPLE'S UNITED BANK,DEBIT,CLASSIC,US,CLASSIC PEOPLE'S UNITED BANK
441251,"COMMERCE BANCSHARES, INC.",DEBIT,CLASSIC,US,"CLASSIC COMMERCE BANCSHARES, INC."
441254,"COMMERCE BANCSHARES, INC.",CREDIT,CLASSIC,US,"CLASSIC COMMERCE BANCSHARES, INC."
441281,"COMMERCE BANCSHARES, INC.",DEBIT,CLASSIC,US,"CLASSIC COMMERCE BANCSHARES, INC."
441297,FIRST NATIONAL BANK OF OMAHA,CREDIT,CLASSIC,US,CLASSIC FIRST NATIONAL BANK OF OMAHA
441301,CORNERSTONE COMMUNITY F.C.U.,DEBIT,CLASSIC,US,CLASSIC CORNERSTONE COMMUNITY F.C.U.
441385,,CREDIT,,US,
441388,,CREDIT,,US,
441413,PSCU INCORPORATED,DEBIT,CLASSIC,US,CLASSIC PSCU INCORPORATED
441416,CRANE F.C.U,DEBIT,CLASSIC,US,CLASSIC CRANE F.C.U
441599,PEAPACK GLADSTONE BANK,DEBIT,CLASSIC,US,CLASSIC PEAPACK GLADSTONE BANK
441649,ELGA C.U.,CREDIT,CLASSIC,US,CLASSIC ELGA C.U.
441677,FELLOWSHIP C.U.,DEBIT,CLASSIC,US,CLASSIC FELLOWSHIP C.U.
441709,KNOXVILLE TEACHERS F.C.U.,DEBIT,CLASSIC,US,CLASSIC KNOXVILLE TEACHERS F.C.U.
441711,"CHASE BANK USA, N.A.",CREDIT,CLASSIC,US,"CLASSIC CHASE BANK USA, N.A."
441712,"CHASE BANK USA, N.A.",CREDIT,CLASSIC,US,"CLASSIC CHASE BANK USA, N.A."
441716,"CHASE BANK USA, N.A.",CREDIT,CLASSIC,US,"CLASSIC CHASE BANK USA, N.A."
441719,BMI F.C.U.,CREDIT,CLASSIC,US,CLASSIC BMI F.C.U.
441802,FIRST NATIONAL BANK OF OMAHA,CREDIT,CLASSIC,US,CLASSIC FIRST NATIONAL BANK OF OMAHA
441811,FIRST NATIONAL BANK OF OMAHA,CREDIT,CLASSIC,US,CLASSIC FIRST NATIONAL BANK OF OMAHA
441837,FIRST NATIONAL BANK OF OMAHA,CREDIT,CLASSIC,US,CLASSIC FIRST NATIONAL BANK OF OMAHA
441839,FIRST NATIONAL BANK OF OMAHA,CREDIT,CLASSIC,US,CLASSIC FIRST NATIONAL BANK OF OMAHA
441840,FIRST NATIONAL BANK OF OMAHA,CREDIT,CLASSIC,US,CLASSIC FIRST NATIONAL BANK OF OMAHA
441853,FIRST NATIONAL BANK OF OMAHA,CREDIT,CLASSIC,US,CLASSIC FIRST NATIONAL BANK OF OMAHA
441889,CHARTWAY F.C.U.,DEBIT,CLASSIC,US,CLASSIC CHARTWAY F.C.U.
441913,"ICBA BANCARD, INC.",DEBIT,CLASSIC,US,"CLASSIC ICBA BANCARD, INC."
441920,GERMAN AMERICAN BANK,DEBIT,CLASSIC,US,CLASSIC GERMAN AMERICAN BANK
441921,"ICBA BANCARD, INC.",DEBIT,CLASSIC,US,"CLASSIC ICBA BANCARD, INC."
441938,CENTRAL VALLEY COMMUNITY BANK,DEBIT,CLASSIC,US,CLASSIC CENTRAL VALLEY COMMUNITY BANK
441946,"WELLS FARGO BANK, N.A.",DEBIT,CLASSIC,US,"CLASSIC WELLS FARGO BANK, N.A."
441999,"ICBA BANCARD, INC.",DEBIT,CLASSIC,US,"CLASSIC ICBA BANCARD, INC."
442043,MEMBER ONE F.C.U.,DEBIT,CLASSIC,US,CLASSIC MEMBER ONE F.C.U.
442083,"BANKER'S BANK OF KANSAS, N.A.",CREDIT,CLASSIC,US,"CLASSIC BANKER'S BANK OF KANSAS, N.A."
442084,PHEPLE F.C.U.,DEBIT,CLASSIC,US,CLASSIC PHEPLE F.C.U.
442208,PANTEX F.C.U.,DEBIT,CLASSIC,US,CLASSIC PANTEX F.C.U.
442298,ROLLING HILLS BANK AND TRUST,DEBIT,CLASSIC,US,CLASSIC ROLLING HILLS BANK AND TRUST
442324,MERCHANTS NATIONAL BANK,DEBIT,CLASSIC,US,CLASSIC MERCHANTS NATIONAL BANK
442326,COMMUNITY FIRST CREDIT UNION,DEBIT,CLASSIC,US,CLASSIC COMMUNITY FIRST CREDIT UNION
442328,SILICON VALLEY BANK,CREDIT,,US,SILICON VALLEY BANK
442505,SUNTRUST BANK,CREDIT,CLASSIC,US,CLASSIC SUNTRUST BANK
442507,SUNTRUST BANK,CREDIT,CLASSIC,US,CLASSIC SUNTRUST BANK
442521,CAPITOL FEDERAL SAVINGS BANK,DEBIT,CLASSIC,US,CLASSIC CAPITOL FEDERAL SAVINGS BANK
442592,"WELLS FARGO BANK, N.A.",DEBIT,CLASSIC,US,"CLASSIC WELLS FARGO BANK, N.A."
442630,COLUMBIA BANK,DEBIT,CLASSIC,US,CLASSIC COLUMBIA BANK
442644,"WELLS FARGO BANK, N.A.",CREDIT,CLASSIC,US,"CLASSIC WELLS FARGO BANK, N.A."
442657,"BANK OF AMERICA, NATIONAL ASSOCIATION",DEBIT,CLASSIC,US,"CLASSIC BANK OF AMERICA, NATIONAL ASSOCIATION"
442663,PIONEER F.C.U.,DEBIT,CLASSIC,US,CLASSIC PIONEER F.C.U.
442669,"WELLS FARGO BANK, N.A.",DEBIT,CLASSIC,US,"CLASSIC WELLS FARGO BANK, N.A."
442682,ROYAL BANK,DEBIT,CLASSIC,US,CLASSIC ROYAL BANK
442691,MEMBERS 1ST C.U.,DEBIT,CLASSIC,US,CLASSIC MEMBERS 1ST C.U.
442695,GLENDALE AREA SCHOOLS F.C.U.,DEBIT,CLASSIC,US,CLASSIC GLENDALE AREA SCHOOLS F.C.U.
442719,HILLS BANK AND TRUST COMPANY,DEBIT,CLASSIC,US,CLASSIC HILLS BANK AND TRUST COMPANY
442743,"BANK OF AMERICA, NATIONAL ASSOCIATION",DEBIT,PREPAID,US,"PREPAID BANK OF AMERICA, NATIONAL ASSOCIATION"
442753,SOUTHBRIDGE SAVINGS BANK,DEBIT,BUSINESS,US,BUSINESS SOUTHBRIDGE SAVINGS BANK
442755,"JPMORGAN CHASE BANK, N.A.",DEBIT,CLASSIC,US,"CLASSIC JPMORGAN CHASE BANK, N.A."
442756,"JPMORGAN CHASE BANK, N.A.",DEBIT,CLASSIC,US,"CLASSIC JPMORGAN CHASE BANK, N.A."
442787,"CITIZENS BANK, N.A.",DEBIT,CLASSIC,US,"CLASSIC CITIZENS BANK, N.A."
442788,"CITIZENS BANK, N.A.",DEBIT,CLASSIC,US,"CLASSIC CITIZENS BANK, N.A."
442790,"CITIZENS BANK, N.A.",DEBIT,CLASSIC,US,"CLASSIC CITIZENS BANK, N.A."
442791,"CITIZENS BANK, N.A.",DEBIT,CLASSIC,US,"CLASSIC CITIZENS BANK, N.A."
442792,"CITIZENS BANK, N.A.",DEBIT,CLASSIC,US,"CLASSIC CITIZENS BANK, N.A."
442793,"CITIZENS BANK, N.A.",DEBIT,CLASSIC,US,"CLASSIC CITIZENS BANK, N.A."
442794,"CITIZENS BANK, N.A.",DEBIT,CLASSIC,US,"CLASSIC CITIZENS BANK, N.A."
442795,"CITIZENS BANK, N.A.",DEBIT,CLASSIC,US,"CLASSIC CITIZENS BANK, N.A."
442796,"CITIZENS BANK, N.A.",DEBIT,CLASSIC,US,"CLASSIC CITIZENS BANK, N.A."
442828,"U.S. BANK, N.A.",CREDIT,CLASSIC,US,"CLASSIC U.S. BANK, N.A."
442835,WILDFIRE C.U.,CREDIT,CLASSIC,US,CLASSIC WILDFIRE C.U.
442859,REDWOOD CAPITAL BANK,DEBIT,CLASSIC,US,CLASSIC REDWOOD CAPITAL BANK
442884,GESA C.U.,CREDIT,CLASSIC,US,CLASSIC GESA C.U.
442918,CARD SERVICES FOR CREDIT UNIONS,CREDIT,CLASSIC,US,CLASSIC CARD SERVICES FOR CREDIT UNIONS
442925,FRICK TRI-COUNTY F.C.U.,DEBIT,CLASSIC,US,CLASSIC FRICK TRI-COUNTY F.C.U.
442939,FIRST COMMUNITY C.U.,DEBIT,CLASSIC,US,CLASSIC FIRST COMMUNITY C.U.
442964,MAZUMA C.U.,DEBIT,CLASSIC,US,CLASSIC MAZUMA C.U.
442971,HUDSON RIVER COMMUNITY C.U.,DEBIT,CLASSIC,US,CLASSIC HUDSON RIVER COMMUNITY C.U.
442992,DAKOTALAND F.C.U.,CREDIT,CLASSIC,US,CLASSIC DAKOTALAND F.C.U.
442996,CARD SERVICES FOR CREDIT UNIONS,CREDIT,CLASSIC,US,CLASSIC CARD SERVICES FOR CREDIT UNIONS
443040,"PNC FINANCIAL SERVICES GROUP, INC.",DEBIT,CLASSIC,US,"CLASSIC PNC FINANCIAL SERVICES GROUP, INC."
443041,"PNC FINANCIAL SERVICES GROUP, INC.",DEBIT,CLASSIC,US,"CLASSIC PNC FINANCIAL SERVICES GROUP, INC."
443042,"PNC FINANCIAL SERVICES GROUP, INC.",DEBIT,CLASSIC,US,"CLASSIC PNC FINANCIAL SERVICES GROUP, INC."
443043,"PNC FINANCIAL SERVICES GROUP, INC.",DEBIT,CLASSIC,US,"CLASSIC PNC FINANCIAL SERVICES GROUP, INC."
443044,"PNC FINANCIAL SERVICES GROUP, INC.",DEBIT,CLASSIC,US,"CLASSIC PNC FINANCIAL SERVICES GROUP, INC."
443045,"PNC FINANCIAL SERVICES GROUP, INC.",DEBIT,CLASSIC,US,"CLASSIC PNC FINANCIAL SERVICES GROUP, INC."
443046,"PNC FINANCIAL SERVICES GROUP, INC.",DEBIT,CLASSIC,US,"CLASSIC PNC FINANCIAL SERVICES GROUP, INC."
443047,"PNC FINANCIAL SERVICES GROUP, INC.",DEBIT,CLASSIC,US,"CLASSIC PNC FINANCIAL SERVICES GROUP, INC."
443048,"PNC FINANCIAL SERVICES GROUP, INC.",DEBIT,CLASSIC,US,"CLASSIC PNC FINANCIAL SERVICES GROUP, INC."
443049,"PNC FINANCIAL SERVICES GROUP, INC.",DEBIT,CLASSIC,US,"CLASSIC PNC FINANCIAL SERVICES GROUP, INC."
443051,"PNC FINANCIAL SERVICES GROUP, INC.",DEBIT,CLASSIC,US,"CLASSIC PNC FINANCIAL SERVICES GROUP, INC."
443057,"PNC FINANCIAL SERVICES GROUP, INC.",DEBIT,CLASSIC,US,"CLASSIC PNC FINANCIAL SERVICES GROUP, INC."
443069,"PNC FINANCIAL SERVICES GROUP, INC.",DEBIT,CLASSIC,US,"CLASSIC PNC FINANCIAL SERVICES GROUP, INC."
443238,ORNL F.C.U.,DEBIT,CLASSIC,US,CLASSIC ORNL F.C.U.
443242,SOUND C.U.,DEBIT,CLASSIC,US,CLASSIC SOUND C.U.
443244,"U.S. BANK, N.A.",CREDIT,BUSINESS,US,"BUSINESS U.S. BANK, N.A."
443261,UNITED COMMUNITY BANK,CREDIT,CLASSIC,US,CLASSIC UNITED COMMUNITY BANK
443264,"U.S. BANK, N.A.",DEBIT,CLASSIC,US,"CLASSIC U.S. BANK, N.A."
443279,COMMUNITY FIRST CREDIT UNION OF FLORIDA,DEBIT,CLASSIC,US,CLASSIC COMMUNITY FIRST CREDIT UNION OF FLORIDA
443377,TUCOEMAS F.C.U.,DEBIT,CLASSIC,US,CLASSIC TUCOEMAS F.C.U.
443512,MIDFLORIDA C.U.,DEBIT,CLASSIC,US,CLASSIC MIDFLORIDA C.U.
443516,ENVISTA C.U.,DEBIT,CLASSIC,US,CLASSIC ENVISTA C.U.
443547,UNION BANK & TRUST,DEBIT,CLASSIC,US,CLASSIC UNION BANK & TRUST
443570,HARVESTER FINANCIAL C.U.,CREDIT,CLASSIC,US,CLASSIC HARVESTER FINANCIAL C.U.
443586,"COMMUNITY BANK, N.A.",DEBIT,CLASSIC,US,"CLASSIC COMMUNITY BANK, N.A."
443589,"COMMUNITY BANK, N.A.",DEBIT,CLASSIC,US,"CLASSIC COMMUNITY BANK, N.A."
443596,CENTRAL CREDIT UNION OF FLORIDA,DEBIT,CLASSIC,US,CLASSIC CENTRAL CREDIT UNION OF FLORIDA
443600,"PNC FINANCIAL SERVICES GROUP, INC.",CREDIT,CLASSIC,US,"CLASSIC PNC FINANCIAL SERVICES GROUP, INC."
443601,"PNC FINANCIAL SERVICES GROUP, INC.",CREDIT,CLASSIC,US,"CLASSIC PNC FINANCIAL SERVICES GROUP, INC."
443628,CARD SERVICES FOR CREDIT UNIONS,DEBIT,CLASSIC,US,CLASSIC CARD SERVICES FOR CREDIT UNIONS
443644,CARD SERVICES FOR CREDIT UNIONS,DEBIT,CLASSIC,US,CLASSIC CARD SERVICES FOR CREDIT UNIONS
444066,BOK FINANCIAL,DEBIT,BUSINESS,US,BUSINESS BOK FINANCIAL
444083,"U.S. BANK, N.A.",DEBIT,PREPAID,US,"PREPAID U.S. BANK, N.A."
444258,CARD SERVICES FOR CREDIT UNIONS,DEBIT,CLASSIC,US,CLASSIC CARD SERVICES FOR CREDIT UNIONS
444278,FIRST NATIONAL BANK OF OMAHA,CREDIT,CLASSIC,US,CLASSIC FIRST NATIONAL BANK OF OMAHA
444296,"BANK OF AMERICA, NATIONAL ASSOCIATION",DEBIT,CLASSIC,US,"CLASSIC BANK OF AMERICA, NATIONAL ASSOCIATION"
444326,ACHIEVE FINANCIAL C.U.,CREDIT,CLASSIC,US,CLASSIC ACHIEVE FINANCIAL C.U.
444394,NBC OKLAHOMA,DEBIT,CLASSIC,US,CLASSIC NBC OKLAHOMA
444400,"CHASE BANK USA, N.A.",CREDIT,CLASSIC,US,"CLASSIC CHASE BANK USA, N.A."
444410,STURGIS BANK AND TRUST COMPANY,DEBIT,CLASSIC,US,CLASSIC STURGIS BANK AND TRUST COMPANY
444426,TRUNORTHERN F.C.U.,DEBIT,CLASSIC,US,CLASSIC TRUNORTHERN F.C.U.
444475,"ICBA BANCARD, INC.",DEBIT,CLASSIC,US,"CLASSIC ICBA BANCARD, INC."
444477,FIRST INTERSTATE BANK,DEBIT,CLASSIC,US,CLASSIC FIRST INTERSTATE BANK
444748,APG F.C.U.,CREDIT,CLASSIC,US,CLASSIC APG F.C.U.
444785,FINANCIAL PLUS C.U.,DEBIT,CLASSIC,US,CLASSIC FINANCIAL PLUS C.U.
444796,"CREDIT ONE BANK, N.A.",CREDIT,CLASSIC,US,"CLASSIC CREDIT ONE BANK, N.A."
445101,FIRST HORIZON BANK,DEBIT,CLASSIC,US,CLASSIC FIRST HORIZON BANK
445102,FIRST HORIZON BANK,DEBIT,CLASSIC,US,CLASSIC FIRST HORIZON BANK
445159,FIRST CHATHAM BANK,DEBIT,CLASSIC,US,CLASSIC FIRST CHATHAM BANK
445171,FORT SILL NATIONAL BANK,DEBIT,CLASSIC,US,CLASSIC FORT SILL NATIONAL BANK
445178,"WELLS FARGO BANK, N.A.",DEBIT,CLASSIC,US,"CLASSIC WELLS FARGO BANK, N.A."
445201,HORIZON C.U.,DEBIT,CLASSIC,US,CLASSIC HORIZON C.U.
445203,ARIZONA CENTRAL C.U.,DEBIT,CLASSIC,US,CLASSIC ARIZONA CENTRAL C.U.
445208,ONEAZ C.U.,DEBIT,CLASSIC,US,CLASSIC ONEAZ C.U.
445216,BLACK HILLS F.C.U.,DEBIT,CLASSIC,US,CLASSIC BLACK HILLS F.C.U.
445220,TWINSTAR C.U.,DEBIT,CLASSIC,US,CLASSIC TWINSTAR C.U.
445250,I. H. MISSISSIPPI VALLEY C.U.,DEBIT,CLASSIC,US,CLASSIC I. H. MISSISSIPPI VALLEY C.U.
445256,ONPOINT COMMUNITY C.U.,DEBIT,CLASSIC,US,CLASSIC ONPOINT COMMUNITY C.U.
445260,CARD SERVICES FOR CREDIT UNIONS,CREDIT,CLASSIC,US,CLASSIC CARD SERVICES FOR CREDIT UNIONS
445276,VALLEYSTAR CREDIT UNION,CREDIT,CLASSIC,US,CLASSIC VALLEYSTAR CREDIT UNION
445367,CITIZENS NATIONAL BANK,DEBIT,CLASSIC,US,CLASSIC CITIZENS NATIONAL BANK
445400,PROFESSIONAL F.C.U.,DEBIT,CLASSIC,US,CLASSIC PROFESSIONAL F.C.U.
445406,POTTER STATE BANK OF POTTER,DEBIT,CLASSIC,US,CLASSIC POTTER STATE BANK OF POTTER
445409,FIRST NATIONAL BANK AND TRUST COMPANY,DEBIT,CLASSIC,US,CLASSIC FIRST NATIONAL BANK AND TRUST COMPANY
445468,HERITAGE FAMILY C.U.,CREDIT,CLASSIC,US,CLASSIC HERITAGE FAMILY C.U.
445469,"COMPUTER SERVICES, INC.",DEBIT,CLASSIC,US,"CLASSIC COMPUTER SERVICES, INC."
445641,DORT F.C.U.,CREDIT,CLASSIC,US,CLASSIC DORT F.C.U.
445672,,CREDIT,,US,
445743,CARD SERVICES FOR CREDIT UNIONS,CREDIT,CLASSIC,US,CLASSIC CARD SERVICES FOR CREDIT UNIONS
445779,HOMESTEAD BANK,DEBIT,CLASSIC,US,CLASSIC HOMESTEAD BANK
445785,FIRST CALIFORNIA F.C.U.,DEBIT,PREPAID,US,PREPAID FIRST CALIFORNIA F.C.U.
445793,CARD SERVICES FOR CREDIT UNIONS,CREDIT,CLASSIC,US,CLASSIC CARD SERVICES FOR CREDIT UNIONS
445990,COMMUNITY 1ST C.U.,DEBIT,CLASSIC,US,CLASSIC COMMUNITY 1ST C.U.
446024,"WELLS FARGO BANK, N.A.",DEBIT,CLASSIC,US,"CLASSIC WELLS FARGO BANK, N.A."
446053,"U.S. BANK, N.A.",DEBIT,PREPAID,US,"PREPAID U.S. BANK, N.A."
446103,QUAD CITY BANK AND TRUST COMPANY,DEBIT,CLASSIC,US,CLASSIC QUAD CITY BANK AND TRUST COMPANY
446192,PWC EMPLOYEES C.U.,DEBIT,CLASSIC,US,CLASSIC PWC EMPLOYEES C.U.
446199,"PIONEER COMMUNITY BANK, INC.",DEBIT,CLASSIC,US,"CLASSIC PIONEER COMMUNITY BANK, INC."
446321,,DEBIT,PREPAID,US,PREPAID
446407,OZARK F.C.U.,CREDIT,CLASSIC,US,CLASSIC OZARK F.C.U.
446411,FOX COMMUNITIES C.U.,CREDIT,CLASSIC,US,CLASSIC FOX COMMUNITIES C.U.
446539,"WELLS FARGO BANK, N.A.",CREDIT,CLASSIC,US,"CLASSIC WELLS FARGO BANK, N.A."
446540,"WELLS FARGO BANK, N.A.",CREDIT,CLASSIC,US,"CLASSIC WELLS FARGO BANK, N.A."
446542,"WELLS FARGO BANK, N.A.",CREDIT,CLASSIC,US,"CLASSIC WELLS FARGO BANK, N.A."
446551,MIDWEST BANK,DEBIT,CLASSIC,US,CLASSIC MIDWEST BANK
446552,COMMUNITY NATIONAL BANK,DEBIT,CLASSIC,US,CLASSIC COMMUNITY NATIONAL BANK
446575,1ST FINANCIAL BANK USA,CREDIT,CLASSIC,US,CLASSIC 1ST FINANCIAL BANK USA
446598,FARMERS AND MERCHANTS BANK OF COLBY,DEBIT,CLASSIC,US,CLASSIC FARMERS AND MERCHANTS BANK OF COLBY
446617,,CREDIT,,US,
446635,,CREDIT,,US,
446705,CHARTER OAK F.C.U.,DEBIT,CLASSIC,US,CLASSIC CHARTER OAK F.C.U.
446727,CARD SERVICES FOR CREDIT UNIONS,CREDIT,CLASSIC,US,CLASSIC CARD SERVICES FOR CREDIT UNIONS
446740,TRUITY C.U.,CREDIT,CLASSIC,US,CLASSIC TRUITY C.U.
446744,ENVISION C.U.,DEBIT,CLASSIC,US,CLASSIC ENVISION C.U.
446762,VALLEY PREMIER BANK,DEBIT,CLASSIC,US,CLASSIC VALLEY PREMIER BANK
446765,CARD SERVICES FOR CREDIT UNIONS,CREDIT,CLASSIC,US,CLASSIC CARD SERVICES FOR CREDIT UNIONS
446777,"UNIVERSAL 1 CREDIT UNION, INC.",DEBIT,CLASSIC,US,"CLASSIC UNIVERSAL 1 CREDIT UNION, INC."
446789,"WELLS FARGO BANK, N.A.",DEBIT,CLASSIC,US,"CLASSIC WELLS FARGO BANK, N.A."
446796,CARD SERVICES FOR CREDIT UNIONS,CREDIT,CLASSIC,US,CLASSIC CARD SERVICES FOR CREDIT UNIONS
446817,INB N.A.,DEBIT,CLASSIC,US,CLASSIC INB N.A.
446841,ST. FRANCIS X F.C.U.,DEBIT,CLASSIC,US,CLASSIC ST. FRANCIS X F.C.U.
447004,"BMO HARRIS BANK, N.A.",DEBIT,CLASSIC,US,"CLASSIC BMO HARRIS BANK, N.A."
447006,"BANCORP BANK, THE",DEBIT,CLASSIC,US,"CLASSIC BANCORP BANK, THE"
447048,BANK OF BRODHEAD,DEBIT,CLASSIC,US,CLASSIC BANK OF BRODHEAD
447050,ABBYBANK,DEBIT,CLASSIC,US,CLASSIC ABBYBANK
447069,FOX COMMUNITIES C.U.,DEBIT,CLASSIC,US,CLASSIC FOX COMMUNITIES C.U.
447089,NATIONAL EXCHANGE BANK AND TRUST,DEBIT,CLASSIC,US,CLASSIC NATIONAL EXCHANGE BANK AND TRUST
447110,UNITED C.U.,CREDIT,CLASSIC,US,CLASSIC UNITED C.U.
447183,FINANCIAL PLUS C.U.,DEBIT,CLASSIC,US,CLASSIC FINANCIAL PLUS C.U.
447206,BANKERS' BANK,CREDIT,CLASSIC,US,CLASSIC BANKERS' BANK
447231,FIREFIGHTERS COMMUNITY C.U.,DEBIT,CLASSIC,US,CLASSIC FIREFIGHTERS COMMUNITY C.U.
447258,AMERISERV FINANCIAL BANK,DEBIT,CLASSIC,US,CLASSIC AMERISERV FINANCIAL BANK
447305,SELCO COMMUNITY C.U.,DEBIT,CLASSIC,US,CLASSIC SELCO COMMUNITY C.U.
447344,TEXAS DOW EMPLOYEES C.U.,DEBIT,CLASSIC,US,CLASSIC TEXAS DOW EMPLOYEES C.U.
447402,PINNACLE BANK,DEBIT,CLASSIC,US,CLASSIC PINNACLE BANK
447437,"NBT BANK, N.A.",DEBIT,CLASSIC,US,"CLASSIC NBT BANK, N.A."
447452,UNION BANK & TRUST,DEBIT,CLASSIC,US,CLASSIC UNION BANK & TRUST
447483,FIRST NATIONAL BANK IN SIOUX FALLS,DEBIT,CLASSIC,US,CLASSIC FIRST NATIONAL BANK IN SIOUX FALLS
447572,"FIRST STATE BANK AND TRUST COMPANY, INC.",DEBIT,CLASSIC,US,"CLASSIC FIRST STATE BANK AND TRUST COMPANY, INC."
447578,FIBRE F.C.U.,DEBIT,CLASSIC,US,CLASSIC FIBRE F.C.U.
447581,TRI COUNTIES BANK,DEBIT,CLASSIC,US,CLASSIC TRI COUNTIES BANK
447618,CAPITAL C.U.,DEBIT,CLASSIC,US,CLASSIC CAPITAL C.U.
447669,TEXAS DOW EMPLOYEES C.U.,DEBIT,CLASSIC,US,CLASSIC TEXAS DOW EMPLOYEES C.U.
447672,HUGHES F.C.U.,DEBIT,CLASSIC,US,CLASSIC HUGHES F.C.U.
447707,ARTISANS' BANK,DEBIT,CLASSIC,US,CLASSIC ARTISANS' BANK
447710,FIRST PEOPLES COMMUNITY F.C.U.,DEBIT,CLASSIC,US,CLASSIC FIRST PEOPLES COMMUNITY F.C.U.
447713,LEOMINSTER C.U.,DEBIT,CLASSIC,US,CLASSIC LEOMINSTER C.U.
447730,WAYNE COUNTY F.C.U.,CREDIT,CLASSIC,US,CLASSIC WAYNE COUNTY F.C.U.
447766,NW PREFERRED F.C.U.,DEBIT,CLASSIC,US,CLASSIC NW PREFERRED F.C.U.
447876,,DEBIT,CLASSIC,US,CLASSIC
447913,"BANCORP BANK, THE",DEBIT,PREPAID,US,"PREPAID BANCORP BANK, THE"
447914,METABANK,DEBIT,CLASSIC,US,CLASSIC METABANK
447923,FIRST FINANCIAL BANK,DEBIT,CLASSIC,US,CLASSIC FIRST FINANCIAL BANK
447954,"WILMINGTON SAVINGS FUND SOCIETY, F.S.B.",DEBIT,CLASSIC,US,"CLASSIC WILMINGTON SAVINGS FUND SOCIETY, F.S.B."
447955,CARD SERVICES FOR CREDIT UNIONS,DEBIT,CLASSIC,US,CLASSIC CARD SERVICES FOR CREDIT UNIONS
447979,FIRST COMMONWEALTH F.C.U.,DEBIT,CLASSIC,US,CLASSIC FIRST COMMONWEALTH F.C.U.
447980,INDIANA FIRST SAVINGS BANK,DEBIT,CLASSIC,US,CLASSIC INDIANA FIRST SAVINGS BANK
448034,COVANTAGE C.U.,DEBIT,CLASSIC,US,CLASSIC COVANTAGE C.U.
448044,"ICBA BANCARD, INC.",DEBIT,CLASSIC,US,"CLASSIC ICBA BANCARD, INC."
448055,WESTERN COOPERATIVE C.U.,DEBIT,CLASSIC,US,CLASSIC WESTERN COOPERATIVE C.U.
448071,PARK CITY C.U.,DEBIT,CLASSIC,US,CLASSIC PARK CITY C.U.
448090,SIMPLICITY C.U.,DEBIT,CLASSIC,US,CLASSIC SIMPLICITY C.U.
448091,PEOPLES BANK SB,DEBIT,CLASSIC,US,CLASSIC PEOPLES BANK SB
448099,BADGER BANK,DEBIT,CLASSIC,US,CLASSIC BADGER BANK
448107,FIRST STATE BANK,DEBIT,CLASSIC,US,CLASSIC FIRST STATE BANK
448169,APCO EMPLOYEES C.U.,DEBIT,CLASSIC,US,CLASSIC APCO EMPLOYEES C.U.
448178,A.O.D. F.C.U.,DEBIT,CLASSIC,US,CLASSIC A.O.D. F.C.U.
448210,THE HUNTINGTON NATIONAL BANK,DEBIT,CLASSIC,US,CLASSIC THE HUNTINGTON NATIONAL BANK
448224,SOUTHERN BANK AND TRUST COMPANY,DEBIT,CLASSIC,US,CLASSIC SOUTHERN BANK AND TRUST COMPANY
448231,WOODSVILLE GUARANTY SAVINGS BANK,DEBIT,CLASSIC,US,CLASSIC WOODSVILLE GUARANTY SAVINGS BANK
448232,SRP F.C.U.,DEBIT,CLASSIC,US,CLASSIC SRP F.C.U.
448233,"TD BANK, N.A.",DEBIT,CLASSIC,US,"CLASSIC TD BANK, N.A."
448241,1ST SUMMIT BANK,DEBIT,CLASSIC,US,CLASSIC 1ST SUMMIT BANK
448251,MEMBERS 1ST F.C.U.,DEBIT,CLASSIC,US,CLASSIC MEMBERS 1ST F.C.U.
448261,SOUTH STATE BANK,DEBIT,CLASSIC,US,CLASSIC SOUTH STATE BANK
448263,UNIVERSITY OF KENTUCKY F.C.U.,DEBIT,CLASSIC,US,CLASSIC UNIVERSITY OF KENTUCKY F.C.U.
448267,WILSON AND MUIR BANK AND TRUST COMPANY,DEBIT,CLASSIC,US,CLASSIC WILSON AND MUIR BANK AND TRUST COMPANY
448275,"TD BANK, N.A.",DEBIT,CLASSIC,US,"CLASSIC TD BANK, N.A."
448282,LAKE COUNTY EDUCATIONAL F.C.U.,DEBIT,CLASSIC,US,CLASSIC LAKE COUNTY EDUCATIONAL F.C.U.
448288,JUNIATA VALLEY BANK,DEBIT,CLASSIC,US,CLASSIC JUNIATA VALLEY BANK
448297,FIRELANDS F.C.U.,DEBIT,CLASSIC,US,CLASSIC FIRELANDS F.C.U.
448380,FEDCHOICE F.C.U.,DEBIT,CLASSIC,US,CLASSIC FEDCHOICE F.C.U.
448737,CNB BANK,DEBIT,CLASSIC,US,CLASSIC CNB BANK
448774,UNITED BANK,DEBIT,CLASSIC,US,CLASSIC UNITED BANK
448775,UNITED BANK,DEBIT,CLASSIC,US,CLASSIC UNITED BANK
448818,"WELLS FARGO BANK, N.A.",DEBIT,CLASSIC,US,"CLASSIC WELLS FARGO BANK, N.A."
448830,MERCHANTS AND MARINE BANK,DEBIT,CLASSIC,US,CLASSIC MERCHANTS AND MARINE BANK
448849,FAMILY SECURITY C.U.,DEBIT,CLASSIC,US,CLASSIC FAMILY SECURITY C.U.
448857,"COMPUTER SERVICES, INC.",DEBIT,CLASSIC,US,"CLASSIC COMPUTER SERVICES, INC."
448900,"PNC FINANCIAL SERVICES GROUP, INC.",CREDIT,CLASSIC,US,"CLASSIC PNC FINANCIAL SERVICES GROUP, INC."
448903,"PNC FINANCIAL SERVICES GROUP, INC.",CREDIT,CLASSIC,US,"CLASSIC PNC FINANCIAL SERVICES GROUP, INC."
448962,"PNC FINANCIAL SERVICES GROUP, INC.",DEBIT,BUSINESS,US,"BUSINESS PNC FINANCIAL SERVICES GROUP, INC."
448975,"PNC FINANCIAL SERVICES GROUP, INC.",DEBIT,PREPAID BUSINESS,US,"PREPAID BUSINESS PNC FINANCIAL SERVICES GROUP, INC."
450066,"BANK OF AMERICA, NATIONAL ASSOCIATION",CREDIT,CLASSIC,US,"CLASSIC BANK OF AMERICA, NATIONAL ASSOCIATION"
450210,"UNITED COMMUNITY BANK OF WEST KENTUCKY, INC.",DEBIT,CLASSIC,US,"CLASSIC UNITED COMMUNITY BANK OF WEST KENTUCKY, INC."
450241,"WELLS FARGO BANK, N.A.",DEBIT,CLASSIC,US,"CLASSIC WELLS FARGO BANK, N.A."
450279,CITIZENS STATE BANK,DEBIT,CLASSIC,US,CLASSIC CITIZENS STATE BANK
450324,,CREDIT,BUSINESS,US,BUSINESS
450341,"U.S. BANK, N.A.",DEBIT,CLASSIC,US,"CLASSIC U.S. BANK, N.A."
450345,"U.S. BANK, N.A.",DEBIT,CLASSIC,US,"CLASSIC U.S. BANK, N.A."
450379,CREIGHTON F.C.U.,DEBIT,CLASSIC,US,CLASSIC CREIGHTON F.C.U.
450678,GESA C.U.,CREDIT,CLASSIC,US,CLASSIC GESA C.U.
450717,FALLS CITY NATIONAL BANK,DEBIT,CLASSIC,US,CLASSIC FALLS CITY NATIONAL BANK
451140,EECU C.U.,DEBIT,CLASSIC,US,CLASSIC EECU C.U.
451336,ADVANCIAL F.C.U.,CREDIT,CLASSIC,US,CLASSIC ADVANCIAL F.C.U.
451440,"FIFTH THIRD BANK, THE",DEBIT,PREPAID,US,"PREPAID FIFTH THIRD BANK, THE"
451444,TOWN AND COUNTRY C.U.,DEBIT,CLASSIC,US,CLASSIC TOWN AND COUNTRY C.U.
451741,"WELLS FARGO BANK, N.A.",DEBIT,CLASSIC,US,"CLASSIC WELLS FARGO BANK, N.A."
452026,"TD BANK, N.A.",CREDIT,CLASSIC,US,"CLASSIC TD BANK, N.A."
452262,HOPEWELL CHEMICAL F.C.U.,DEBIT,CLASSIC,US,CLASSIC HOPEWELL CHEMICAL F.C.U.
452916,METABANK,DEBIT,CLASSIC,US,CLASSIC METABANK
452932,CORE BANK,DEBIT,CLASSIC,US,CLASSIC CORE BANK
453245,CITIZENS STATE BANK,DEBIT,CLASSIC,US,CLASSIC CITIZENS STATE BANK
453271,FD COMMUNITY FEDERAL CREDIT UNION,DEBIT,CLASSIC,US,CLASSIC FD COMMUNITY FEDERAL CREDIT UNION
453506,USAA,DEBIT,CLASSIC,US,CLASSIC USAA
453528,"WELLS FARGO BANK, N.A.",DEBIT,CLASSIC,US,"CLASSIC WELLS FARGO BANK, N.A."
453575,FARMERS BANK OF WILLARDS,DEBIT,CLASSIC,US,CLASSIC FARMERS BANK OF WILLARDS
453597,"CES CREDIT UNION, INC.",DEBIT,CLASSIC,US,"CLASSIC CES CREDIT UNION, INC."
453598,EDUCATORS C.U.,DEBIT,CLASSIC,US,CLASSIC EDUCATORS C.U.
453599,"WESBANCO BANK, INC.",DEBIT,CLASSIC,US,"CLASSIC WESBANCO BANK, INC."
453616,PARK SIDE F.C.U.,CREDIT,CLASSIC,US,CLASSIC PARK SIDE F.C.U.
453837,CENCAP F.C.U.,DEBIT,CLASSIC,US,CLASSIC CENCAP F.C.U.
454332,GOLD C.U.,CREDIT,CLASSIC,US,CLASSIC GOLD C.U.
454477,NATIONAL BANK OF COMMERCE,DEBIT,CLASSIC,US,CLASSIC NATIONAL BANK OF COMMERCE
454481,TRUE LINK CARD ISSUED BY SUNRISE BANKS,DEBIT,PREPAID,US,PREPAID TRUE LINK CARD ISSUED BY SUNRISE BANKS
454507,BRANCH BANKING AND TRUST COMPANY,DEBIT,CLASSIC,US,CLASSIC BRANCH BANKING AND TRUST COMPANY
454565,DAKOTA PLAINS C.U.,DEBIT,CLASSIC,US,CLASSIC DAKOTA PLAINS C.U.
454598,JORDAN C.U.,CREDIT,CLASSIC,US,CLASSIC JORDAN C.U.
455120,"TD BANK, N.A.",DEBIT,CLASSIC,US,"CLASSIC TD BANK, N.A."
455225,USAA,DEBIT,CLASSIC,US,CLASSIC USAA
455315,FIRST FINANCIAL BANK,DEBIT,CLASSIC,US,CLASSIC FIRST FINANCIAL BANK
455317,PEOPLE'S UNITED BANK,DEBIT,CLASSIC,US,CLASSIC PEOPLE'S UNITED BANK
455456,MEMBERS TRUST F.C.U.,DEBIT,CLASSIC,US,CLASSIC MEMBERS TRUST F.C.U.
455473,BOK FINANCIAL,DEBIT,CLASSIC,US,CLASSIC BOK FINANCIAL
455524,RIVER COMMUNITY C.U.,DEBIT,CLASSIC,US,CLASSIC RIVER COMMUNITY C.U.
455535,BBVA USA,CREDIT,CLASSIC,US,CLASSIC BBVA USA
455687,,CREDIT,CLASSIC,US,CLASSIC
455717,CONNECTICUT STATE EMPLOYEES C.U.,DEBIT,CLASSIC,US,CLASSIC CONNECTICUT STATE EMPLOYEES C.U.
455950,"CHASE BANK USA, N.A.",CREDIT,CLASSIC,US,"CLASSIC CHASE BANK USA, N.A."
456367,USAA,DEBIT,CLASSIC,US,CLASSIC USAA
456424,TAYLOR C.U.,DEBIT,CLASSIC,US,CLASSIC TAYLOR C.U.
456451,CROSSROADS FINANCIAL F.C.U.,DEBIT,CLASSIC,US,CLASSIC CROSSROADS FINANCIAL F.C.U.
456620,SIERRA CENTRAL C.U.,CREDIT,CLASSIC,US,CLASSIC SIERRA CENTRAL C.U.
456804,FIRST NATIONAL BANK OF MIDDLE TENNESSEE,DEBIT,CLASSIC,US,CLASSIC FIRST NATIONAL BANK OF MIDDLE TENNESSEE
457084,"WELLS FARGO BANK, N.A.",DEBIT,CLASSIC,US,"CLASSIC WELLS FARGO BANK, N.A."
457085,"WELLS FARGO BANK, N.A.",DEBIT,CLASSIC,US,"CLASSIC WELLS FARGO BANK, N.A."
457431,USAA,DEBIT,CLASSIC,US,CLASSIC USAA
458413,FIRST NATIONAL BANK IN SIOUX FALLS,DEBIT,CLASSIC,US,CLASSIC FIRST NATIONAL BANK IN SIOUX FALLS
458438,FLORENCE SAVINGS BANK,DEBIT,CLASSIC,US,CLASSIC FLORENCE SAVINGS BANK
458453,HANCOCK WHITNEY BANK,DEBIT,CLASSIC,US,CLASSIC HANCOCK WHITNEY BANK
458643,USAA SAVINGS BANK,DEBIT,CLASSIC,US,CLASSIC USAA SAVINGS BANK
458743,PEOPLES TRUST COMPANY OF ST. ALBANS,DEBIT,GIFT,US,GIFT PEOPLES TRUST COMPANY OF ST. ALBANS
459954,USAA,DEBIT,CLASSIC,US,CLASSIC USAA
460011,METABANK,DEBIT,CLASSIC,US,CLASSIC METABANK
460123,UNION PACIFIC STREAMLINER F.C.U.,DEBIT,CLASSIC,US,CLASSIC UNION PACIFIC STREAMLINER F.C.U.
460144,MAIN STREET BANK CORP.,DEBIT,CLASSIC,US,CLASSIC MAIN STREET BANK CORP.
460152,FARMERS STATE BANK,DEBIT,CLASSIC,US,CLASSIC FARMERS STATE BANK
460203,KITSAP C.U.,DEBIT,CLASSIC,US,CLASSIC KITSAP C.U.
460213,FIRST BANK & TRUST CO.,DEBIT,CLASSIC,US,CLASSIC FIRST BANK & TRUST CO.
460227,EASTMAN C.U.,CREDIT,CLASSIC,US,CLASSIC EASTMAN C.U.
460246,FIRST BANK & TRUST CO.,DEBIT,CLASSIC,US,CLASSIC FIRST BANK & TRUST CO.
460389,"WELLS FARGO BANK, N.A.",DEBIT,CLASSIC,US,"CLASSIC WELLS FARGO BANK, N.A."
460414,UNITY CATHOLIC F.C.U.,CREDIT,CLASSIC,US,CLASSIC UNITY CATHOLIC F.C.U.
460444,BAYER HERITAGE F.C.U.,DEBIT,CLASSIC,US,CLASSIC BAYER HERITAGE F.C.U.
460491,WESTAR F.C.U.,CREDIT,CLASSIC,US,CLASSIC WESTAR F.C.U.
460524,COMMUNITY FIRST CREDIT UNION,CREDIT,CLASSIC,US,CLASSIC COMMUNITY FIRST CREDIT UNION
460648,EXCHANGE NATIONAL BANK & TRUST,DEBIT,CLASSIC,US,CLASSIC EXCHANGE NATIONAL BANK & TRUST
460722,CREDIT UNION 1,DEBIT,CLASSIC,US,CLASSIC CREDIT UNION 1
460725,STATE BANK OF CROSS PLAINS,DEBIT,CLASSIC,US,CLASSIC STATE BANK OF CROSS PLAINS
460792,BNC NATIONAL BANK,DEBIT,CLASSIC,US,CLASSIC BNC NATIONAL BANK
460819,SUNCOAST C.U.,CREDIT,CLASSIC,US,CLASSIC SUNCOAST C.U.
460823,"WELLS FARGO BANK, N.A.",DEBIT,CLASSIC,US,"CLASSIC WELLS FARGO BANK, N.A."
460829,VILLAGE BANK,DEBIT,CLASSIC,US,CLASSIC VILLAGE BANK
460848,SAN DIEGO COUNTY C.U.,DEBIT,BUSINESS,US,BUSINESS SAN DIEGO COUNTY C.U.
460864,NEFFS NATIONAL BANK,DEBIT,CLASSIC,US,CLASSIC NEFFS NATIONAL BANK
461046,"JPMORGAN CHASE BANK, N.A.",DEBIT,CLASSIC,US,"CLASSIC JPMORGAN CHASE BANK, N.A."
461085,TEAM ONE C.U.,DEBIT,CLASSIC,US,CLASSIC TEAM ONE C.U.
461098,SIMMONS BANK,CREDIT,CLASSIC,US,CLASSIC SIMMONS BANK
461100,SIMMONS BANK,DEBIT,CLASSIC,US,CLASSIC SIMMONS BANK
461181,"WELLS FARGO BANK, N.A.",DEBIT,CLASSIC,US,"CLASSIC WELLS FARGO BANK, N.A."
461185,"WELLS FARGO BANK, N.A.",DEBIT,CLASSIC,US,"CLASSIC WELLS FARGO BANK, N.A."
461193,"WELLS FARGO BANK, N.A.",DEBIT,CLASSIC,US,"CLASSIC WELLS FARGO BANK, N.A."
461365,FIBRE F.C.U.,CREDIT,CLASSIC,US,CLASSIC FIBRE F.C.U.
461394,TRUSTONE FINANCIAL F.C.U.,CREDIT,CLASSIC,US,CLASSIC TRUSTONE FINANCIAL F.C.U.
461604,ROYAL C.U.,CREDIT,CLASSIC,US,CLASSIC ROYAL C.U.
461608,BRANCH BANKING AND TRUST COMPANY,CREDIT,CLASSIC,US,CLASSIC BRANCH BANKING AND TRUST COMPANY
461612,WELLBY FINANCIAL,CREDIT,CLASSIC,US,CLASSIC WELLBY FINANCIAL
461617,,CREDIT,,US,
461675,PALMETTO CITIZENS F.C.U.,DEBIT,CLASSIC,US,CLASSIC PALMETTO CITIZENS F.C.U.
462140,VERIDIAN C.U.,CREDIT,CLASSIC,US,CLASSIC VERIDIAN C.U.
462161,AMARILLO NATIONAL BANK,DEBIT,CLASSIC,US,CLASSIC AMARILLO NATIONAL BANK
462502,DOE RUN F.C.U.,DEBIT,CLASSIC,US,CLASSIC DOE RUN F.C.U.
462646,MEMBERS 1ST C.U.,CREDIT,CLASSIC,US,CLASSIC MEMBERS 1ST C.U.
462652,ZEAL C.U.,DEBIT,CLASSIC,US,CLASSIC ZEAL C.U.
462661,AMERICAN 1 F.C.U.,CREDIT,CLASSIC,US,CLASSIC AMERICAN 1 F.C.U.
462903,NORTHEAST COMMUNITY C.U.,DEBIT,CLASSIC,US,CLASSIC NORTHEAST COMMUNITY C.U.
463024,CARD SERVICES FOR CREDIT UNIONS,CREDIT,CLASSIC,US,CLASSIC CARD SERVICES FOR CREDIT UNIONS
463239,CARD SERVICES FOR CREDIT UNIONS,DEBIT,CLASSIC,US,CLASSIC CARD SERVICES FOR CREDIT UNIONS
463240,KEMBA FINANCIAL C.U.,CREDIT,CLASSIC,US,CLASSIC KEMBA FINANCIAL C.U.
463405,BBVA USA,DEBIT,CLASSIC,US,CLASSIC BBVA USA
463430,THE HUNTINGTON NATIONAL BANK,DEBIT,CLASSIC,US,CLASSIC THE HUNTINGTON NATIONAL BANK
463493,HENRICO F.C.U.,DEBIT,CLASSIC,US,CLASSIC HENRICO F.C.U.
463687,VALLEY FIRST C.U.,DEBIT,CLASSIC,US,CLASSIC VALLEY FIRST C.U.
463689,MOCSE F.C.U.,DEBIT,CLASSIC,US,CLASSIC MOCSE F.C.U.
463829,BANK OF OKLAHOMA,CREDIT,CLASSIC,US,CLASSIC BANK OF OKLAHOMA
463849,ANDROSCOGGIN SAVINGS BANK,DEBIT,CLASSIC,US,CLASSIC ANDROSCOGGIN SAVINGS BANK
463956,TEACHERS C.U.,CREDIT,CLASSIC,US,CLASSIC TEACHERS C.U.
463962,BRYANT BANK,DEBIT,CLASSIC,US,CLASSIC BRYANT BANK
464018,"CHASE BANK USA, N.A.",CREDIT,CLASSIC,US,"CLASSIC CHASE BANK USA, N.A."
464359,"WELLS FARGO BANK, N.A.",DEBIT,CLASSIC,US,"CLASSIC WELLS FARGO BANK, N.A."
464459,NORTHWEST COMMUNITY C.U.,DEBIT,CLASSIC,US,CLASSIC NORTHWEST COMMUNITY C.U.
464705,EMPRISE BANK,DEBIT,CLASSIC,US,CLASSIC EMPRISE BANK
464714,CITIZENS NATIONAL BANK,DEBIT,CLASSIC,US,CLASSIC CITIZENS NATIONAL BANK
465100,"JPMORGAN CHASE BANK, N.A.",DEBIT,CLASSIC,US,"CLASSIC JPMORGAN CHASE BANK, N.A."
465108,,CREDIT,CLASSIC,US,CLASSIC
465232,STOCK YARDS BANK & TRUST CO,DEBIT,CLASSIC,US,CLASSIC STOCK YARDS BANK & TRUST CO
465345,FIRSTBANK HOLDING COMPANY OF COLORADO,DEBIT,CLASSIC,US,CLASSIC FIRSTBANK HOLDING COMPANY OF COLORADO
465704,U-MASS/FIVE COLLEGE F.C.U.,CREDIT,CLASSIC,US,CLASSIC U-MASS/FIVE COLLEGE F.C.U.
466015,"WELLS FARGO BANK, N.A.",DEBIT,CLASSIC,US,"CLASSIC WELLS FARGO BANK, N.A."
466114,FORUM C.U.,DEBIT,CLASSIC,US,CLASSIC FORUM C.U.
466135,EMPLOYEES C.U.,DEBIT,CLASSIC,US,CLASSIC EMPLOYEES C.U.
466186,SEACOAST NATIONAL BANK,DEBIT,CLASSIC,US,CLASSIC SEACOAST NATIONAL BANK
466187,ALLEGACY F.C.U.,DEBIT,CLASSIC,US,CLASSIC ALLEGACY F.C.U.
466188,BRANCH BANKING AND TRUST COMPANY,DEBIT,CLASSIC,US,CLASSIC BRANCH BANKING AND TRUST COMPANY
466189,BRANCH BANKING AND TRUST COMPANY,DEBIT,CLASSIC,US,CLASSIC BRANCH BANKING AND TRUST COMPANY
466309,"CAPITAL ONE BANK (USA), NATIONAL ASSOCIATION",CREDIT,CLASSIC,US,"CLASSIC CAPITAL ONE BANK (USA), NATIONAL ASSOCIATION"
466350,,CREDIT,,US,
466353,,CREDIT,,US,
466355,,CREDIT,,US,
466600,CARD SERVICES FOR CREDIT UNIONS,DEBIT,CLASSIC,US,CLASSIC CARD SERVICES FOR CREDIT UNIONS
467005,LOCAL GOVERNMENT F.C.U.,CREDIT,CLASSIC,US,CLASSIC LOCAL GOVERNMENT F.C.U.
467010,INTERNATIONAL BANK OF COMMERCE,DEBIT,CLASSIC,US,CLASSIC INTERNATIONAL BANK OF COMMERCE
467055,CARD SERVICES FOR CREDIT UNIONS,DEBIT,CLASSIC,US,CLASSIC CARD SERVICES FOR CREDIT UNIONS
467068,HARBORONE BANK,DEBIT,CLASSIC,US,CLASSIC HARBORONE BANK
467098,HOLCOMB STATE BANK,DEBIT,CLASSIC,US,CLASSIC HOLCOMB STATE BANK
467109,,DEBIT,CLASSIC,US,CLASSIC
467144,SOUTHERN LAKES C.U.,DEBIT,CLASSIC,US,CLASSIC SOUTHERN LAKES C.U.
467178,RED CANOE C.U.,CREDIT,CLASSIC,US,CLASSIC RED CANOE C.U.
467209,MEMBERS 1ST F.C.U.,CREDIT,CLASSIC,US,CLASSIC MEMBERS 1ST F.C.U.
467313,"JPMORGAN CHASE BANK, N.A.",DEBIT,CLASSIC,US,"CLASSIC JPMORGAN CHASE BANK, N.A."
467316,"JPMORGAN CHASE BANK, N.A.",DEBIT,CLASSIC,US,"CLASSIC JPMORGAN CHASE BANK, N.A."
467499,BRAGG MUTUAL F.C.U.,DEBIT,CLASSIC,US,CLASSIC BRAGG MUTUAL F.C.U.
467541,MACHIAS SAVINGS BANK,DEBIT,CLASSIC,US,CLASSIC MACHIAS SAVINGS BANK
467546,"TD BANK, N.A.",CREDIT,CLASSIC,US,"CLASSIC TD BANK, N.A."
467579,MANUFACTURERS BANK AND TRUST,DEBIT,CLASSIC,US,CLASSIC MANUFACTURERS BANK AND TRUST
467600,"WELLS FARGO BANK, N.A.",DEBIT,CLASSIC,US,"CLASSIC WELLS FARGO BANK, N.A."
468005,"JPMORGAN CHASE BANK, N.A.",DEBIT,CLASSIC,US,"CLASSIC JPMORGAN CHASE BANK, N.A."
468016,FIRST NATIONAL BANK OF OMAHA,CREDIT,CLASSIC,US,CLASSIC FIRST NATIONAL BANK OF OMAHA
468018,ZIONS FIRST NATIONAL BANK,DEBIT,CLASSIC,US,CLASSIC ZIONS FIRST NATIONAL BANK
468050,BOK FINANCIAL,DEBIT,CLASSIC,US,CLASSIC BOK FINANCIAL
468101,"WELLS FARGO BANK, N.A.",DEBIT,CLASSIC,US,"CLASSIC WELLS FARGO BANK, N.A."
468104,"WELLS FARGO BANK, N.A.",DEBIT,CLASSIC,US,"CLASSIC WELLS FARGO BANK, N.A."
468105,"WELLS FARGO BANK, N.A.",DEBIT,CLASSIC,US,"CLASSIC WELLS FARGO BANK, N.A."
468262,"TCM BANK, N.A.",CREDIT,CLASSIC,US,"CLASSIC TCM BANK, N.A."
468271,METABANK,DEBIT,PREPAID,US,PREPAID METABANK
468405,"CAPITAL ONE BANK (USA), N.A.",CREDIT,CLASSIC,US,"CLASSIC CAPITAL ONE BANK (USA), N.A."
468451,AMERICAN AIRLINES F.C.U.,DEBIT,CLASSIC,US,CLASSIC AMERICAN AIRLINES F.C.U.
468453,AXIOM BANK,DEBIT,CLASSIC,US,CLASSIC AXIOM BANK
468701,LANDMARK C.U.,CREDIT,CLASSIC,US,CLASSIC LANDMARK C.U.
468707,FLAG C.U.,DEBIT,CLASSIC,US,CLASSIC FLAG C.U.
468712,SUNCOAST C.U.,CREDIT,CLASSIC,US,CLASSIC SUNCOAST C.U.
468803,"CITIZENS BANK, N.A.",DEBIT,CLASSIC,US,"CLASSIC CITIZENS BANK, N.A."
468837,"CAPITAL ONE BANK (USA), N.A.",CREDIT,CLASSIC,US,"CLASSIC CAPITAL ONE BANK (USA), N.A."
468839,"CAPITAL ONE BANK (USA), N.A.",CREDIT,CLASSIC,US,"CLASSIC CAPITAL ONE BANK (USA), N.A."
468910,ELKHORN VALLEY BANK AND TRUST,DEBIT,CLASSIC,US,CLASSIC ELKHORN VALLEY BANK AND TRUST
469047,GREAT RIVER F.C.U.,DEBIT,CLASSIC,US,CLASSIC GREAT RIVER F.C.U.
469049,,DEBIT,CLASSIC,US,CLASSIC
469058,"CITIZENS BANK OF WEST VIRGINIA, INC.",DEBIT,CLASSIC,US,"CLASSIC CITIZENS BANK OF WEST VIRGINIA, INC."
469072,IBERIABANK,DEBIT,CLASSIC,US,CLASSIC IBERIABANK
469209,EDUCATIONAL COMMUNITY C.U.,DEBIT,BUSINESS,US,BUSINESS EDUCATIONAL COMMUNITY C.U.
469226,"U.S. BANK, N.A.",CREDIT,CLASSIC,US,"CLASSIC U.S. BANK, N.A."
469441,CAMDEN NATIONAL BANK,DEBIT,CLASSIC,US,CLASSIC CAMDEN NATIONAL BANK
469451,FIRST NATIONAL BANK OF OMAHA,CREDIT,CLASSIC,US,CLASSIC FIRST NATIONAL BANK OF OMAHA
469510,LANDMARK NATIONAL BANK,DEBIT,CLASSIC,US,CLASSIC LANDMARK NATIONAL BANK
470102,ST. MARYS BANK C.U.,DEBIT,CLASSIC,US,CLASSIC ST. MARYS BANK C.U.
470111,COMMUNITY FIRST CREDIT UNION OF FLORIDA,CREDIT,CLASSIC,US,CLASSIC COMMUNITY FIRST CREDIT UNION OF FLORIDA
470126,CENTRA C.U.,CREDIT,CLASSIC,US,CLASSIC CENTRA C.U.
470132,"BANK OF AMERICA, NATIONAL ASSOCIATION",DEBIT,CLASSIC,US,"CLASSIC BANK OF AMERICA, NATIONAL ASSOCIATION"
470133,"BANK OF AMERICA, NATIONAL ASSOCIATION",DEBIT,CLASSIC,US,"CLASSIC BANK OF AMERICA, NATIONAL ASSOCIATION"
470134,"BANK OF AMERICA, NATIONAL ASSOCIATION",DEBIT,CLASSIC,US,"CLASSIC BANK OF AMERICA, NATIONAL ASSOCIATION"
470135,"BANK OF AMERICA, NATIONAL ASSOCIATION",DEBIT,CLASSIC,US,"CLASSIC BANK OF AMERICA, NATIONAL ASSOCIATION"
470415,TINKER FEDERAL CREDIT UNION,CREDIT,CLASSIC,US,CLASSIC TINKER FEDERAL CREDIT UNION
470502,FRANKLIN MINT F.C.U.,DEBIT,CLASSIC,US,CLASSIC FRANKLIN MINT F.C.U.
470512,WESTCONSIN C.U.,CREDIT,CLASSIC,US,CLASSIC WESTCONSIN C.U.
470519,ABBOTT LABORATORIES EMPLOYEES C.U.,CREDIT,CLASSIC,US,CLASSIC ABBOTT LABORATORIES EMPLOYEES C.U.
470523,ARROWHEAD C.U.,DEBIT,CLASSIC,US,CLASSIC ARROWHEAD C.U.
470701,NEVADA STATE BANK,DEBIT,CLASSIC,US,CLASSIC NEVADA STATE BANK
470709,UTAH FIRST F.C.U.,CREDIT,CLASSIC,US,CLASSIC UTAH FIRST F.C.U.
470723,"WELLS FARGO BANK, N.A.",DEBIT,CLASSIC,US,"CLASSIC WELLS FARGO BANK, N.A."
470727,"WELLS FARGO BANK, N.A.",DEBIT,CLASSIC,US,"CLASSIC WELLS FARGO BANK, N.A."
470793,"CREDIT ONE BANK, N.A.",CREDIT,CLASSIC,US,"CLASSIC CREDIT ONE BANK, N.A."
471309,"WELLS FARGO BANK, N.A.",DEBIT,CLASSIC,US,"CLASSIC WELLS FARGO BANK, N.A."
471515,"PNC FINANCIAL SERVICES GROUP, INC.",CREDIT,PURCHASING,US,"PURCHASING PNC FINANCIAL SERVICES GROUP, INC."
471724,"BANK OF AMERICA, NATIONAL ASSOCIATION",DEBIT,CLASSIC,US,"CLASSIC BANK OF AMERICA, NATIONAL ASSOCIATION"
471743,SAN ANTONIO CITIZENS F.C.U.,DEBIT,CLASSIC,US,CLASSIC SAN ANTONIO CITIZENS F.C.U.
471745,TCT F.C.U.,DEBIT,CLASSIC,US,CLASSIC TCT F.C.U.
471830,"U.S. BANK, N.A.",CREDIT,CLASSIC,US,"CLASSIC U.S. BANK, N.A."
471876,COASTAL C.U.,DEBIT,CLASSIC,US,CLASSIC COASTAL C.U.
471902,"U.S. BANK, N.A.",CREDIT,CLASSIC,US,"CLASSIC U.S. BANK, N.A."
471904,"U.S. BANK, N.A.",DEBIT,CLASSIC,US,"CLASSIC U.S. BANK, N.A."
471934,RALEIGH COUNTY EDUCATORS FED C.U.,DEBIT,CLASSIC,US,CLASSIC RALEIGH COUNTY EDUCATORS FED C.U.
471953,"WELLS FARGO BANK, N.A.",DEBIT,CLASSIC,US,"CLASSIC WELLS FARGO BANK, N.A."
472174,ALTAMAHA F.C.U.,DEBIT,CLASSIC,US,CLASSIC ALTAMAHA F.C.U.
472221,COLUMBUS BANK AND TRUST COMPANY,CREDIT,CLASSIC,US,CLASSIC COLUMBUS BANK AND TRUST COMPANY
472367,PERU FEDERAL SAVINGS BANK,DEBIT,CLASSIC,US,CLASSIC PERU FEDERAL SAVINGS BANK
472400,"WELLS FARGO BANK, N.A.",CREDIT,CLASSIC,US,"CLASSIC WELLS FARGO BANK, N.A."
472516,"ICBA BANCARD, INC.",CREDIT,CLASSIC,US,"CLASSIC ICBA BANCARD, INC."
472716,"WELLS FARGO BANK, N.A.",DEBIT,CLASSIC,US,"CLASSIC WELLS FARGO BANK, N.A."
472728,"WELLS FARGO BANK, N.A.",DEBIT,CLASSIC,US,"CLASSIC WELLS FARGO BANK, N.A."
472773,"ROXBORO SAVINGS BANK, S.S.B.",DEBIT,CLASSIC,US,"CLASSIC ROXBORO SAVINGS BANK, S.S.B."
473002,PLAINSCAPITAL BANK,DEBIT,CLASSIC,US,CLASSIC PLAINSCAPITAL BANK
473013,CAPITAL EDUCATORS F.C.U.,DEBIT,CLASSIC,US,CLASSIC CAPITAL EDUCATORS F.C.U.
473028,FIRST NATIONAL BANK IN SIOUX FALLS,DEBIT,CLASSIC,US,CLASSIC FIRST NATIONAL BANK IN SIOUX FALLS
473049,SERVU F.C.U.,DEBIT,CLASSIC,US,CLASSIC SERVU F.C.U.
473060,STERLING F.C.U.,DEBIT,CLASSIC,US,CLASSIC STERLING F.C.U.
473064,SOUTHLAND C.U.,DEBIT,CLASSIC,US,CLASSIC SOUTHLAND C.U.
473079,FIRST NATIONAL BANK OF HUTCHINSON,DEBIT,CLASSIC,US,CLASSIC FIRST NATIONAL BANK OF HUTCHINSON
473099,METABANK,DEBIT,CLASSIC,US,CLASSIC METABANK
473137,WASHINGTON TRUST BANK,DEBIT,CLASSIC,US,CLASSIC WASHINGTON TRUST BANK
473139,"JPMORGAN CHASE BANK, N.A.",CREDIT,CLASSIC,US,"CLASSIC JPMORGAN CHASE BANK, N.A."
473302,FIRST NATIONAL BANK OF TENNESSEE,DEBIT,CLASSIC,US,CLASSIC FIRST NATIONAL BANK OF TENNESSEE
473310,FIRST NATIONAL BANK OF PENNSYLVANIA,DEBIT,CLASSIC,US,CLASSIC FIRST NATIONAL BANK OF PENNSYLVANIA
473311,CNB BANK,DEBIT,CLASSIC,US,CLASSIC CNB BANK
473312,WAYNE BANK,DEBIT,CLASSIC,US,CLASSIC WAYNE BANK
473315,ST. LAWRENCE F.C.U.,DEBIT,CLASSIC,US,CLASSIC ST. LAWRENCE F.C.U.
473316,"WELLS FARGO BANK, N.A.",DEBIT,CLASSIC,US,"CLASSIC WELLS FARGO BANK, N.A."
473336,ENT C.U.,DEBIT,CLASSIC,US,CLASSIC ENT C.U.
473360,DESERTVIEW F.C.U.,DEBIT,CLASSIC,US,CLASSIC DESERTVIEW F.C.U.
473363,FIRST STATE BANK,DEBIT,CLASSIC,US,CLASSIC FIRST STATE BANK
473370,KITSAP BANK,DEBIT,CLASSIC,US,CLASSIC KITSAP BANK
473373,"ICBA BANCARD, INC.",DEBIT,CLASSIC,US,"CLASSIC ICBA BANCARD, INC."
473379,"WELLS FARGO BANK, N.A.",DEBIT,CLASSIC,US,"CLASSIC WELLS FARGO BANK, N.A."
473395,"ALERUS FINANCIAL, N.A.",DEBIT,CLASSIC,US,"CLASSIC ALERUS FINANCIAL, N.A."
473434,CONSERVATION EMPLOYEES' C.U.,CREDIT,CLASSIC,US,CLASSIC CONSERVATION EMPLOYEES' C.U.
473439,COMMUNITYAMERICA C.U.,DEBIT,CLASSIC,US,CLASSIC COMMUNITYAMERICA C.U.
473480,TRUENERGY F.C.U.,CREDIT,CLASSIC,US,CLASSIC TRUENERGY F.C.U.
473490,ABNB F.C.U.,DEBIT,CLASSIC,US,CLASSIC ABNB F.C.U.
473499,SAFE C.U.,CREDIT,BUSINESS,US,BUSINESS SAFE C.U.
473628,"GE CAPITAL FINANCIAL, INC.",CREDIT,CLASSIC,US,"CLASSIC GE CAPITAL FINANCIAL, INC."
473690,"GE CAPITAL FINANCIAL, INC.",DEBIT,PREPAID,US,"PREPAID GE CAPITAL FINANCIAL, INC."
473702,"WELLS FARGO BANK, N.A.",DEBIT,CLASSIC,US,"CLASSIC WELLS FARGO BANK, N.A."
473703,"WELLS FARGO BANK, N.A.",DEBIT,CLASSIC,US,"CLASSIC WELLS FARGO BANK, N.A."
473732,,CREDIT,,US,
473905,ALTRA F.C.U.,DEBIT,CLASSIC,US,CLASSIC ALTRA F.C.U.
473908,PSCU INCORPORATED,DEBIT,CLASSIC,US,CLASSIC PSCU INCORPORATED
473932,SPIRE C.U.,DEBIT,CLASSIC,US,CLASSIC SPIRE C.U.
473969,ADDITION FINANCIAL CREDIT UNION,DEBIT,CLASSIC,US,CLASSIC ADDITION FINANCIAL CREDIT UNION
473983,ARSENAL C.U.,DEBIT,CLASSIC,US,CLASSIC ARSENAL C.U.
473985,AFFINITY PLUS F.C.U.,CREDIT,CLASSIC,US,CLASSIC AFFINITY PLUS F.C.U.
474187,LANGLEY F.C.U.,DEBIT,CLASSIC,US,CLASSIC LANGLEY F.C.U.
474253,"WELLS FARGO BANK, N.A.",DEBIT,CLASSIC,US,"CLASSIC WELLS FARGO BANK, N.A."
474415,CONNEXUS CREDIT UNION,DEBIT,CLASSIC,US,CLASSIC CONNEXUS CREDIT UNION
474434,"BANK OF AMERICA, NATIONAL ASSOCIATION",CREDIT,CLASSIC,US,"CLASSIC BANK OF AMERICA, NATIONAL ASSOCIATION"
474472,"BANK OF AMERICA, NATIONAL ASSOCIATION",DEBIT,CLASSIC,US,"CLASSIC BANK OF AMERICA, NATIONAL ASSOCIATION"
474473,"BANK OF AMERICA, NATIONAL ASSOCIATION",DEBIT,CLASSIC,US,"CLASSIC BANK OF AMERICA, NATIONAL ASSOCIATION"
474474,"BANK OF AMERICA, NATIONAL ASSOCIATION",DEBIT,CLASSIC,US,"CLASSIC BANK OF AMERICA, NATIONAL ASSOCIATION"
474475,"BANK OF AMERICA, NATIONAL ASSOCIATION",DEBIT,CLASSIC,US,"CLASSIC BANK OF AMERICA, NATIONAL ASSOCIATION"
474476,"BANK OF AMERICA, NATIONAL ASSOCIATION",DEBIT,CLASSIC,US,"CLASSIC BANK OF AMERICA, NATIONAL ASSOCIATION"
474477,"BANK OF AMERICA, NATIONAL ASSOCIATION",DEBIT,CLASSIC,US,"CLASSIC BANK OF AMERICA, NATIONAL ASSOCIATION"
474478,"BANK OF AMERICA, NATIONAL ASSOCIATION",DEBIT,CLASSIC,US,"CLASSIC BANK OF AMERICA, NATIONAL ASSOCIATION"
474479,"BANK OF AMERICA, NATIONAL ASSOCIATION",DEBIT,CLASSIC,US,"CLASSIC BANK OF AMERICA, NATIONAL ASSOCIATION"
474480,"BANK OF AMERICA, NATIONAL ASSOCIATION",DEBIT,CLASSIC,US,"CLASSIC BANK OF AMERICA, NATIONAL ASSOCIATION"
474482,"BANK OF AMERICA, NATIONAL ASSOCIATION",DEBIT,CLASSIC,US,"CLASSIC BANK OF AMERICA, NATIONAL ASSOCIATION"
474483,"BANK OF AMERICA, NATIONAL ASSOCIATION",DEBIT,CLASSIC,US,"CLASSIC BANK OF AMERICA, NATIONAL ASSOCIATION"
474484,"BANK OF AMERICA, NATIONAL ASSOCIATION",DEBIT,CLASSIC,US,"CLASSIC BANK OF AMERICA, NATIONAL ASSOCIATION"
474485,"BANK OF AMERICA, NATIONAL ASSOCIATION",DEBIT,CLASSIC,US,"CLASSIC BANK OF AMERICA, NATIONAL ASSOCIATION"
474487,"BANK OF AMERICA, NATIONAL ASSOCIATION",DEBIT,CLASSIC,US,"CLASSIC BANK OF AMERICA, NATIONAL ASSOCIATION"
474488,"BANK OF AMERICA, NATIONAL ASSOCIATION",DEBIT,CLASSIC,US,"CLASSIC BANK OF AMERICA, NATIONAL ASSOCIATION"
474489,"BANK OF AMERICA, NATIONAL ASSOCIATION",DEBIT,CLASSIC,US,"CLASSIC BANK OF AMERICA, NATIONAL ASSOCIATION"
474639,LAKE CITY BANK,DEBIT,CLASSIC,US,CLASSIC LAKE CITY BANK
474643,"TELHIO CREDIT UNION, INC.",DEBIT,CLASSIC,US,"CLASSIC TELHIO CREDIT UNION, INC."
474653,"FIRST BANK RICHMOND, N.A.",DEBIT,CLASSIC,US,"CLASSIC FIRST BANK RICHMOND, N.A."
474753,,DEBIT,CLASSIC,US,CLASSIC
474882,BANK OF OKLAHOMA,DEBIT,CLASSIC,US,CLASSIC BANK OF OKLAHOMA
475050,"CHASE BANK USA, N.A.",CREDIT,CLASSIC,US,"CLASSIC CHASE BANK USA, N.A."
475055,"JPMORGAN CHASE BANK, N.A.",DEBIT,CLASSIC,US,"CLASSIC JPMORGAN CHASE BANK, N.A."
475056,"JPMORGAN CHASE BANK, N.A.",DEBIT,CLASSIC,US,"CLASSIC JPMORGAN CHASE BANK, N.A."
475465,FIRST SERVICE F.C.U.,DEBIT,PREPAID,US,PREPAID FIRST SERVICE F.C.U.
475601,"ICBA BANCARD, INC.",DEBIT,CLASSIC,US,"CLASSIC ICBA BANCARD, INC."
475607,"SUNFLOWER BANK, N.A.",DEBIT,CLASSIC,US,"CLASSIC SUNFLOWER BANK, N.A."
475662,DORT F.C.U.,CREDIT,CLASSIC,US,CLASSIC DORT F.C.U.
475678,CHRISTIAN COMMUNITY C.U.,DEBIT,CLASSIC,US,CLASSIC CHRISTIAN COMMUNITY C.U.
475680,SERVICE C.U.,DEBIT,CLASSIC,US,CLASSIC SERVICE C.U.
475708,ESB FINANCIAL,DEBIT,CLASSIC,US,CLASSIC ESB FINANCIAL
475810,AMERICA FIRST C.U.,CREDIT,CLASSIC,US,CLASSIC AMERICA FIRST C.U.
475818,GOLDENWEST F.C.U.,DEBIT,CLASSIC,US,CLASSIC GOLDENWEST F.C.U.
475820,UNIVERSITY FIRST F.C.U.,DEBIT,CLASSIC,US,CLASSIC UNIVERSITY FIRST F.C.U.
475824,AMERICA FIRST C.U.,DEBIT,CLASSIC,US,CLASSIC AMERICA FIRST C.U.
475831,EAST IDAHO C.U.,DEBIT,CLASSIC,US,CLASSIC EAST IDAHO C.U.
475833,USU CHARTER F.C.U.,DEBIT,CLASSIC,US,CLASSIC USU CHARTER F.C.U.
475844,FRANKLIN MINT F.C.U.,DEBIT,CLASSIC,US,CLASSIC FRANKLIN MINT F.C.U.
475869,IDAHO CENTRAL C.U.,DEBIT,CLASSIC,US,CLASSIC IDAHO CENTRAL C.U.
475890,MERIDIAN TRUST F.C.U.,DEBIT,CLASSIC,US,CLASSIC MERIDIAN TRUST F.C.U.
476078,CRANE F.C.U,CREDIT,CLASSIC,US,CLASSIC CRANE F.C.U
476150,SECURITY NATIONAL BANK,DEBIT,CLASSIC,US,CLASSIC SECURITY NATIONAL BANK
476158,PINNACLE BANK,DEBIT,CLASSIC,US,CLASSIC PINNACLE BANK
476177,WESTERN VISTA F.C.U.,CREDIT,CLASSIC,US,CLASSIC WESTERN VISTA F.C.U.
476425,SYNOVUS FINANCIAL CORPORATION,CREDIT,CLASSIC,US,CLASSIC SYNOVUS FINANCIAL CORPORATION
476453,FIRST CHOICE FINANCIAL,DEBIT,CLASSIC,US,CLASSIC FIRST CHOICE FINANCIAL
476516,REDSTONE F.C.U.,DEBIT,CLASSIC,US,CLASSIC REDSTONE F.C.U.
476546,BANKPLUS,DEBIT,CLASSIC,US,CLASSIC BANKPLUS
476554,FIRST MID BANK & TRUST,DEBIT,CLASSIC,US,CLASSIC FIRST MID BANK & TRUST
476576,STREATOR ONIZED C.U.,DEBIT,CLASSIC,US,CLASSIC STREATOR ONIZED C.U.
476584,COMMERCIAL BANK,DEBIT,CLASSIC,US,CLASSIC COMMERCIAL BANK
476585,"COMPUTER SERVICES, INC.",DEBIT,CLASSIC,US,"CLASSIC COMPUTER SERVICES, INC."
476690,THE CITY NATIONAL BANK AND TRUST COMPANY OF LAWTON OKLAHOMA,DEBIT,PREPAID,US,PREPAID THE CITY NATIONAL BANK AND TRUST COMPANY OF LAWTON OKLAHOMA
476703,GRANCO F.C.U.,DEBIT,CLASSIC,US,CLASSIC GRANCO F.C.U.
476763,GENERAL ELECTRIC C.U.,CREDIT,CLASSIC,US,CLASSIC GENERAL ELECTRIC C.U.
476774,TRUIST BANK,CREDIT,CLASSIC,US,CLASSIC TRUIST BANK
476809,TRADES AND LABOR F.C.U.,DEBIT,CLASSIC,US,CLASSIC TRADES AND LABOR F.C.U.
476918,BOK FINANCIAL,DEBIT,CLASSIC,US,CLASSIC BOK FINANCIAL
477349,MERITRUST C.U.,DEBIT,CLASSIC,US,CLASSIC MERITRUST C.U.
477351,ALLIANT C.U.,DEBIT,CLASSIC,US,CLASSIC ALLIANT C.U.
477442,"ICBA BANCARD, INC.",DEBIT,CLASSIC,US,"CLASSIC ICBA BANCARD, INC."
477506,VISTA BANK,DEBIT,CLASSIC,US,CLASSIC VISTA BANK
477712,"SECURITY NATIONAL BANK OF SIOUX CITY, IOWA",DEBIT,CLASSIC,US,"CLASSIC SECURITY NATIONAL BANK OF SIOUX CITY, IOWA"
477748,FIRST COMMUNITY CREDIT UNION OF HOUSTON,DEBIT,CLASSIC,US,CLASSIC FIRST COMMUNITY CREDIT UNION OF HOUSTON
477760,STATE BANK,DEBIT,CLASSIC,US,CLASSIC STATE BANK
477762,RBC BANK (USA),CREDIT,CLASSIC,US,CLASSIC RBC BANK (USA)
477768,CITIZENS NATIONAL BANK OF BLUFFTON,DEBIT,CLASSIC,US,CLASSIC CITIZENS NATIONAL BANK OF BLUFFTON
477778,ROYAL C.U.,DEBIT,CLASSIC,US,CLASSIC ROYAL C.U.
477789,CORNERSTONE COMMUNITY F.C.U.,CREDIT,CLASSIC,US,CLASSIC CORNERSTONE COMMUNITY F.C.U.
477809,"COMMERCIAL AND SAVINGS BANK OF MILLERSBURG, OHIO",DEBIT,CLASSIC,US,"CLASSIC COMMERCIAL AND SAVINGS BANK OF MILLERSBURG, OHIO"
477842,FIRST NATIONAL BANK IN SIOUX FALLS,DEBIT,CLASSIC,US,CLASSIC FIRST NATIONAL BANK IN SIOUX FALLS
477850,"ICBA BANCARD, INC.",DEBIT,CLASSIC,US,"CLASSIC ICBA BANCARD, INC."
477889,"ICBA BANCARD, INC.",DEBIT,CLASSIC,US,"CLASSIC ICBA BANCARD, INC."
478059,NEPHI WESTERN C.U.,DEBIT,CLASSIC,US,CLASSIC NEPHI WESTERN C.U.
478200,"JPMORGAN CHASE BANK, N.A.",DEBIT,CLASSIC,US,"CLASSIC JPMORGAN CHASE BANK, N.A."
478230,CARD SERVICES FOR CREDIT UNIONS,CREDIT,CLASSIC,US,CLASSIC CARD SERVICES FOR CREDIT UNIONS
478338,BANK-FUND STAFF F.C.U.,CREDIT,CLASSIC,US,CLASSIC BANK-FUND STAFF F.C.U.
478340,CARD SERVICES FOR CREDIT UNIONS,DEBIT,CLASSIC,US,CLASSIC CARD SERVICES FOR CREDIT UNIONS
478412,FAMILY C.U.,DEBIT,CLASSIC,US,CLASSIC FAMILY C.U.
478431,SYNCHRONY BANK,CREDIT,CLASSIC,US,CLASSIC SYNCHRONY BANK
478662,OKLAHOMA F.C.U.,DEBIT,CLASSIC,US,CLASSIC OKLAHOMA F.C.U.
478812,COMMUNITY BANK AND TRUST,DEBIT,CLASSIC,US,CLASSIC COMMUNITY BANK AND TRUST
478820,NUMERICA C.U.,DEBIT,CLASSIC,US,CLASSIC NUMERICA C.U.
478855,MATANUSKA VALLEY F.C.U.,DEBIT,CLASSIC,US,CLASSIC MATANUSKA VALLEY F.C.U.
478973,"WELLS FARGO BANK, N.A.",DEBIT,CLASSIC,US,"CLASSIC WELLS FARGO BANK, N.A."
478975,APPLE F.C.U.,DEBIT,CLASSIC,US,CLASSIC APPLE F.C.U.
479125,STATE BANK & TRUST CO.,DEBIT,CLASSIC,US,CLASSIC STATE BANK & TRUST CO.
479126,ESL F.C.U.,DEBIT,CLASSIC,US,CLASSIC ESL F.C.U.
479133,"CHASE BANK USA, N.A.",CREDIT,CLASSIC,US,"CLASSIC CHASE BANK USA, N.A."
479146,SUTTON BANK,DEBIT,CLASSIC,US,CLASSIC SUTTON BANK
479154,MEMBERS FIRST CREDIT UNION OF FLORIDA,DEBIT,CLASSIC,US,CLASSIC MEMBERS FIRST CREDIT UNION OF FLORIDA
479167,GULF WINDS C.U.,DEBIT,CLASSIC,US,CLASSIC GULF WINDS C.U.
479169,WEST-AIRCOMM F.C.U.,DEBIT,CLASSIC,US,CLASSIC WEST-AIRCOMM F.C.U.
479171,LEHIGH VALLEY EDUCATORS C.U.,DEBIT,CLASSIC,US,CLASSIC LEHIGH VALLEY EDUCATORS C.U.
479198,PATRIOT F.C.U.,DEBIT,CLASSIC,US,CLASSIC PATRIOT F.C.U.
479208,RTN F.C.U.,DEBIT,CLASSIC,US,CLASSIC RTN F.C.U.
479209,NEW CUMBERLAND F.C.U.,DEBIT,CLASSIC,US,CLASSIC NEW CUMBERLAND F.C.U.
479213,"TD BANK, N.A.",DEBIT,CLASSIC,US,"CLASSIC TD BANK, N.A."
479235,WINCHESTER SAVINGS BANK,DEBIT,CLASSIC,US,CLASSIC WINCHESTER SAVINGS BANK
479248,FIRST FINANCIAL F.C.U.,DEBIT,CLASSIC,US,CLASSIC FIRST FINANCIAL F.C.U.
479281,FARMERS AND MERCHANTS BANK,DEBIT,CLASSIC,US,CLASSIC FARMERS AND MERCHANTS BANK
479285,HONESDALE NATIONAL BANK,DEBIT,CLASSIC,US,CLASSIC HONESDALE NATIONAL BANK
479370,METRO BANK,DEBIT,CLASSIC,US,CLASSIC METRO BANK
479417,FARMERS NATIONAL BANK,DEBIT,CLASSIC,US,CLASSIC FARMERS NATIONAL BANK
479466,PARKS HERITAGE F.C.U.,DEBIT,CLASSIC,US,CLASSIC PARKS HERITAGE F.C.U.
480213,"CAPITAL ONE BANK (USA), N.A.",CREDIT,BUSINESS,US,"BUSINESS CAPITAL ONE BANK (USA), N.A."
480307,FARMERS INSURANCE GROUP F.C.U.,DEBIT,CLASSIC,US,CLASSIC FARMERS INSURANCE GROUP F.C.U.
480312,"COMPUTER SERVICES, INC.",DEBIT,CLASSIC,US,"CLASSIC COMPUTER SERVICES, INC."
480343,VALLEY OAK C.U.,DEBIT,CLASSIC,US,CLASSIC VALLEY OAK C.U.
480358,"WELLS FARGO BANK, N.A.",DEBIT,CLASSIC,US,"CLASSIC WELLS FARGO BANK, N.A."
480365,"WEBSTER BANK, N.A.",DEBIT,CLASSIC,US,"CLASSIC WEBSTER BANK, N.A."
480380,HERITAGE BANK,DEBIT,CLASSIC,US,CLASSIC HERITAGE BANK
480432,MIDFIRST BANK,CREDIT,PURCHASING,US,PURCHASING MIDFIRST BANK
480636,LANDMARK C.U.,DEBIT,CLASSIC,US,CLASSIC LANDMARK C.U.
480640,FIRST FEDERAL SAVINGS BANK OF ANGOLA,DEBIT,CLASSIC,US,CLASSIC FIRST FEDERAL SAVINGS BANK OF ANGOLA
480643,KEMBA C.U.,DEBIT,CLASSIC,US,CLASSIC KEMBA C.U.
480648,CORNERSTONE FINANCIAL C.U.,DEBIT,CLASSIC,US,CLASSIC CORNERSTONE FINANCIAL C.U.
480694,AVADIAN C.U.,DEBIT,CLASSIC,US,CLASSIC AVADIAN C.U.
480707,"BANK OF AMERICA, NATIONAL ASSOCIATION",CREDIT,PURCHASING WITH FLEET,US,"PURCHASING WITH FLEET BANK OF AMERICA, NATIONAL ASSOCIATION"
481176,BANK OF HAWAII,CREDIT,CLASSIC,US,CLASSIC BANK OF HAWAII
481297,CODE C.U.,DEBIT,CLASSIC,US,CLASSIC CODE C.U.
481581,"BANK OF AMERICA, NATIONAL ASSOCIATION",DEBIT,CLASSIC,US,"CLASSIC BANK OF AMERICA, NATIONAL ASSOCIATION"
481582,"BANK OF AMERICA, NATIONAL ASSOCIATION",DEBIT,CLASSIC,US,"CLASSIC BANK OF AMERICA, NATIONAL ASSOCIATION"
481583,"BANK OF AMERICA, NATIONAL ASSOCIATION",DEBIT,CLASSIC,US,"CLASSIC BANK OF AMERICA, NATIONAL ASSOCIATION"
481599,FREEDOM C.U.,CREDIT,CLASSIC,US,CLASSIC FREEDOM C.U.
481767,HAWAII COUNTY EMPLOYEES F.C.U.,DEBIT,CLASSIC,US,CLASSIC HAWAII COUNTY EMPLOYEES F.C.U.
481933,ST. MICHAEL'S F.C.U.,CREDIT,CLASSIC,US,CLASSIC ST. MICHAEL'S F.C.U.
481941,MEMBERS FIRST C.U.,DEBIT,CLASSIC,US,CLASSIC MEMBERS FIRST C.U.
482099,"TRELLANCE, INC.",CREDIT,CLASSIC,US,"CLASSIC TRELLANCE, INC."
482110,GERMAN AMERICAN BANK,CREDIT,CLASSIC,US,CLASSIC GERMAN AMERICAN BANK
483312,"JPMORGAN CHASE BANK, N.A.",DEBIT,CLASSIC,US,"CLASSIC JPMORGAN CHASE BANK, N.A."
483313,"JPMORGAN CHASE BANK, N.A.",DEBIT,CLASSIC,US,"CLASSIC JPMORGAN CHASE BANK, N.A."
483314,"JPMORGAN CHASE BANK, N.A.",DEBIT,CLASSIC,US,"CLASSIC JPMORGAN CHASE BANK, N.A."
483316,"JPMORGAN CHASE BANK, N.A.",DEBIT,CLASSIC,US,"CLASSIC JPMORGAN CHASE BANK, N.A."
483332,GULF WINDS C.U.,DEBIT,CLASSIC,US,CLASSIC GULF WINDS C.U.
483370,AMERICAN AIRLINES F.C.U.,CREDIT,CLASSIC,US,CLASSIC AMERICAN AIRLINES F.C.U.
483390,OHIO UNIVERSITY C.U.,DEBIT,CLASSIC,US,CLASSIC OHIO UNIVERSITY C.U.
483468,COMENITY CAPITAL BANK,CREDIT,CLASSIC,US,CLASSIC COMENITY CAPITAL BANK
483480,GLACIER BANK,DEBIT,CLASSIC,US,CLASSIC GLACIER BANK
483484,,CREDIT,CLASSIC,US,CLASSIC
483943,BOK FINANCIAL,DEBIT,CLASSIC,US,CLASSIC BOK FINANCIAL
483950,"TD BANK, N.A.",CREDIT,CLASSIC,US,"CLASSIC TD BANK, N.A."
484129,"ICBA BANCARD, INC.",DEBIT,CLASSIC,US,"CLASSIC ICBA BANCARD, INC."
484224,,DEBIT,PREPAID,US,PREPAID
484351,APL F.C.U.,CREDIT,CLASSIC,US,CLASSIC APL F.C.U.
484385,VALLEY C.U.,DEBIT,CLASSIC,US,CLASSIC VALLEY C.U.
484477,"VIRGINIA SAVINGS BANK, F.S.B.",DEBIT,CLASSIC,US,"CLASSIC VIRGINIA SAVINGS BANK, F.S.B."
484481,ONTARIO MONTCLAIR SCHOOL EMPLOYEES F.C.U.,CREDIT,CLASSIC,US,CLASSIC ONTARIO MONTCLAIR SCHOOL EMPLOYEES F.C.U.
484532,APG F.C.U.,CREDIT,CLASSIC,US,CLASSIC APG F.C.U.
484557,RIVERWAYS F.C.U.,DEBIT,CLASSIC,US,CLASSIC RIVERWAYS F.C.U.
484562,COMMUNITY BANK OF THE SOUTH,DEBIT,CLASSIC,US,CLASSIC COMMUNITY BANK OF THE SOUTH
484718,"BANCORP BANK, THE",DEBIT,PREPAID,US,"PREPAID BANCORP BANK, THE"
485144,MEMBERS CHOICE C.U.,CREDIT,CLASSIC,US,CLASSIC MEMBERS CHOICE C.U.
485185,SPIRIT FINANCIAL C.U.,CREDIT,CLASSIC,US,CLASSIC SPIRIT FINANCIAL C.U.
485201,"WELLS FARGO BANK, N.A.",DEBIT,CLASSIC,US,"CLASSIC WELLS FARGO BANK, N.A."
485206,"WELLS FARGO BANK, N.A.",DEBIT,CLASSIC,US,"CLASSIC WELLS FARGO BANK, N.A."
485246,"WELLS FARGO BANK, N.A.",DEBIT,PREPAID,US,"PREPAID WELLS FARGO BANK, N.A."
485315,"U.S. BANK, N.A.",DEBIT,CLASSIC,US,"CLASSIC U.S. BANK, N.A."
485408,PREMIERONE C.U.,CREDIT,CLASSIC,US,CLASSIC PREMIERONE C.U.
485583,SOUTH GEORGIA BANK,DEBIT,CLASSIC,US,CLASSIC SOUTH GEORGIA BANK
485584,"ICBA BANCARD, INC.",DEBIT,CLASSIC,US,"CLASSIC ICBA BANCARD, INC."
485671,BRANCH BANKING AND TRUST COMPANY,CREDIT,CLASSIC,US,CLASSIC BRANCH BANKING AND TRUST COMPANY
485932,SUTTON BANK,CREDIT,PURCHASING,US,PURCHASING SUTTON BANK
485953,,CREDIT,PURCHASING,US,PURCHASING
486011,SERVICE C.U.,DEBIT,PREPAID,US,PREPAID SERVICE C.U.
486014,SERVICE C.U.,DEBIT,PREPAID PURCHASING,US,PREPAID PURCHASING SERVICE C.U.
486111,"WELLS FARGO BANK, N.A.",DEBIT,CLASSIC,US,"CLASSIC WELLS FARGO BANK, N.A."
486151,HERITAGE VALLEY F.C.U.,DEBIT,CLASSIC,US,CLASSIC HERITAGE VALLEY F.C.U.
486152,NATIONAL BANK OF COXSACKIE,DEBIT,CLASSIC,US,CLASSIC NATIONAL BANK OF COXSACKIE
486169,WINGS FINANCIAL C.U.,DEBIT,CLASSIC,US,CLASSIC WINGS FINANCIAL C.U.
486178,USX F.C.U.,DEBIT,CLASSIC,US,CLASSIC USX F.C.U.
486183,FIRST STATE BANK,DEBIT,CLASSIC,US,CLASSIC FIRST STATE BANK
486198,THE FIRST - A NATIONAL BANKING ASSOCIATION,DEBIT,CLASSIC,US,CLASSIC THE FIRST - A NATIONAL BANKING ASSOCIATION
486210,MEMBERS FIRST COMMUNITY C.U.,CREDIT,CLASSIC,US,CLASSIC MEMBERS FIRST COMMUNITY C.U.
486236,"CAPITAL ONE BANK (USA), N.A.",CREDIT,CLASSIC,US,"CLASSIC CAPITAL ONE BANK (USA), N.A."
486310,COREFIRST BANK & TRUST,DEBIT,CLASSIC,US,CLASSIC COREFIRST BANK & TRUST
486701,"U.S. BANK, N.A.",DEBIT,PREPAID,US,"PREPAID U.S. BANK, N.A."
486732,"JPMORGAN CHASE BANK, N.A.",DEBIT,CLASSIC,US,"CLASSIC JPMORGAN CHASE BANK, N.A."
486747,CENTRAL MINNESOTA CREDIT UNION,DEBIT,CLASSIC,US,CLASSIC CENTRAL MINNESOTA CREDIT UNION
486769,CARD SERVICES FOR CREDIT UNIONS,CREDIT,CLASSIC,US,CLASSIC CARD SERVICES FOR CREDIT UNIONS
486796,"JPMORGAN CHASE BANK, N.A.",DEBIT,CLASSIC,US,"CLASSIC JPMORGAN CHASE BANK, N.A."
486799,"JPMORGAN CHASE BANK, N.A.",DEBIT,BUSINESS,US,"BUSINESS JPMORGAN CHASE BANK, N.A."
486804,BANCCENTRAL N.A.,DEBIT,CLASSIC,US,CLASSIC BANCCENTRAL N.A.
486813,EMPORIA STATE F.C.U.,DEBIT,CLASSIC,US,CLASSIC EMPORIA STATE F.C.U.
486895,BARCLAYS BANK,CREDIT,CLASSIC,US,CLASSIC BARCLAYS BANK
486930,"COMPUTER SERVICES, INC.",DEBIT,CLASSIC,US,"CLASSIC COMPUTER SERVICES, INC."
487066,A C P E F.C.U.,DEBIT,CLASSIC,US,CLASSIC A C P E F.C.U.
487353,"CAPITAL ONE BANK (USA), N.A.",DEBIT,CLASSIC,US,"CLASSIC CAPITAL ONE BANK (USA), N.A."
487391,"CAPITAL ONE BANK (USA), N.A.",DEBIT,CLASSIC,US,"CLASSIC CAPITAL ONE BANK (USA), N.A."
487436,FIRST NEBRASKA EDUCATORS AND EMPLOYEE GROUPS C.U.,DEBIT,CLASSIC,US,CLASSIC FIRST NEBRASKA EDUCATORS AND EMPLOYEE GROUPS C.U.
487471,ADVIA C.U.,DEBIT,CLASSIC,US,CLASSIC ADVIA C.U.
487917,,DEBIT,CLASSIC,US,CLASSIC
488839,MAYO EMPLOYEES F.C.U.,DEBIT,CLASSIC,US,CLASSIC MAYO EMPLOYEES F.C.U.
488854,OCONEE STATE BANK,DEBIT,CLASSIC,US,CLASSIC OCONEE STATE BANK
488893,"BANK OF AMERICA, NATIONAL ASSOCIATION",CREDIT,CLASSIC,US,"CLASSIC BANK OF AMERICA, NATIONAL ASSOCIATION"
489272,BENCHMARK COMMUNITY BANK,DEBIT,CLASSIC,US,CLASSIC BENCHMARK COMMUNITY BANK
489275,"ICBA BANCARD, INC.",DEBIT,CLASSIC,US,"CLASSIC ICBA BANCARD, INC."
489276,"ICBA BANCARD, INC.",DEBIT,CLASSIC,US,"CLASSIC ICBA BANCARD, INC."
489287,"ICBA BANCARD, INC.",DEBIT,CLASSIC,US,"CLASSIC ICBA BANCARD, INC."
489553,"LIBERTY SAVINGS BANK, F.S.B.",DEBIT,CLASSIC,US,"CLASSIC LIBERTY SAVINGS BANK, F.S.B."
489737,MICHIGAN STATE UNIVERSITY F.C.U.,CREDIT,CLASSIC,US,CLASSIC MICHIGAN STATE UNIVERSITY F.C.U.
489922,"TCM BANK, N.A.",CREDIT,CLASSIC,US,"CLASSIC TCM BANK, N.A."
489950,MERIDIA COMMUNITY F.C.U.,DEBIT,CLASSIC,US,CLASSIC MERIDIA COMMUNITY F.C.U.
490042,BANK OF OKLAHOMA,DEBIT,CLASSIC,US,CLASSIC BANK OF OKLAHOMA
490067,,DEBIT,CLASSIC,US,CLASSIC
490070,"JPMORGAN CHASE BANK, N.A.",DEBIT,CLASSIC,US,"CLASSIC JPMORGAN CHASE BANK, N.A."
490077,RBC BANK (USA),DEBIT,CLASSIC,US,CLASSIC RBC BANK (USA)
490095,VINTAGE BANK KANSAS,DEBIT,CLASSIC,US,CLASSIC VINTAGE BANK KANSAS
490615,SOUTHWEST F.C.U.,DEBIT,CLASSIC,US,CLASSIC SOUTHWEST F.C.U.
490785,AMERICAN SOUTHWEST C.U.,DEBIT,CLASSIC,US,CLASSIC AMERICAN SOUTHWEST C.U.
490814,MID MINNESOTA F.C.U.,DEBIT,CLASSIC,US,CLASSIC MID MINNESOTA F.C.U.
490904,CORRY F.C.U.,DEBIT,CLASSIC,US,CLASSIC CORRY F.C.U.
490973,RIVERFRONT F.C.U.,DEBIT,CLASSIC,US,CLASSIC RIVERFRONT F.C.U.
491278,METABANK,DEBIT,PREPAID,US,PREPAID METABANK
491288,"U.S. BANK, N.A.",DEBIT,PREPAID,US,"PREPAID U.S. BANK, N.A."
491334,FIRST NATIONAL BANK IN SIOUX FALLS,DEBIT,CLASSIC,US,CLASSIC FIRST NATIONAL BANK IN SIOUX FALLS
491360,EASTMAN C.U.,CREDIT,CLASSIC,US,CLASSIC EASTMAN C.U.
491393,SUNMARK C.U.,CREDIT,CLASSIC,US,CLASSIC SUNMARK C.U.
491459,"ICBA BANCARD, INC.",DEBIT,CLASSIC,US,"CLASSIC ICBA BANCARD, INC."
491492,"ICBA BANCARD, INC.",DEBIT,CLASSIC,US,"CLASSIC ICBA BANCARD, INC."
491585,FIRST NATIONAL BANK IN SIOUX FALLS,DEBIT,CLASSIC,US,CLASSIC FIRST NATIONAL BANK IN SIOUX FALLS
491919,EARTHMOVER C.U.,DEBIT,CLASSIC,US,CLASSIC EARTHMOVER C.U.
491930,FIRST NATIONAL BANK OF EASTERN ARKANSAS,DEBIT,CLASSIC,US,CLASSIC FIRST NATIONAL BANK OF EASTERN ARKANSAS
491938,FIRST NATIONAL BANK OF CARROLLTON,DEBIT,CLASSIC,US,CLASSIC FIRST NATIONAL BANK OF CARROLLTON
491942,FIRST FEDERAL SAVINGS BANK,DEBIT,CLASSIC,US,CLASSIC FIRST FEDERAL SAVINGS BANK
492417,PALCO F.C.U.,CREDIT,CLASSIC,US,CLASSIC PALCO F.C.U.
493083,BANK OF NEW GLARUS,DEBIT,CLASSIC,US,CLASSIC BANK OF NEW GLARUS
493085,"WELLS FARGO BANK, N.A.",DEBIT,CLASSIC,US,"CLASSIC WELLS FARGO BANK, N.A."
493109,"CAPITAL ONE BANK (USA), N.A.",CREDIT,CLASSIC,US,"CLASSIC CAPITAL ONE BANK (USA), N.A."
493421,FARMERS STATE BANK,DEBIT,CLASSIC,US,CLASSIC FARMERS STATE BANK
493422,"CAPITAL ONE BANK (USA), N.A.",CREDIT,CLASSIC,US,"CLASSIC CAPITAL ONE BANK (USA), N.A."
493766,BANK OF CAMILLA,DEBIT,CLASSIC,US,CLASSIC BANK OF CAMILLA
494001,CENTRIC F.C.U.,DEBIT,CLASSIC,US,CLASSIC CENTRIC F.C.U.
494138,"COMPUTER SERVICES, INC.",DEBIT,CLASSIC,US,"CLASSIC COMPUTER SERVICES, INC."
494139,JEANNE D'ARC C.U.,DEBIT,CLASSIC,US,CLASSIC JEANNE D'ARC C.U.
494325,FIRST NATIONAL BANK OF OMAHA,CREDIT,CLASSIC,US,CLASSIC FIRST NATIONAL BANK OF OMAHA
494340,"BANK OF AMERICA, NATIONAL ASSOCIATION",DEBIT,PREPAID,US,"PREPAID BANK OF AMERICA, NATIONAL ASSOCIATION"
494393,,DEBIT,CLASSIC,US,CLASSIC
494627,STATE BANK OF CROSS PLAINS,CREDIT,CLASSIC,US,CLASSIC STATE BANK OF CROSS PLAINS
494644,,CREDIT,CLASSIC,US,CLASSIC
496608,"FIDELITY NATIONAL INFORMATION SERVICES, INC.",CREDIT,CLASSIC,US,"CLASSIC FIDELITY NATIONAL INFORMATION SERVICES, INC."
497936,,DEBIT,CLASSIC,US,CLASSIC
497938,TACU C.U.,DEBIT,CLASSIC,US,CLASSIC TACU C.U.
498436,PEOPLE'S UNITED BANK,DEBIT,CLASSIC,US,CLASSIC PEOPLE'S UNITED BANK
498486,,DEBIT,CLASSIC,US,CLASSIC
498503,"BANCORP BANK, THE",DEBIT,CLASSIC,US,"CLASSIC BANCORP BANK, THE"
499110,SPIRE C.U.,CREDIT,CLASSIC,US,CLASSIC SPIRE C.U.
499156,TOPLINE F.C.U.,DEBIT,CLASSIC,US,CLASSIC TOPLINE F.C.U.
499159,S.C. STATE F.C.U.,CREDIT,CLASSIC,US,CLASSIC S.C. STATE F.C.U.
499166,ORNL F.C.U.,CREDIT,CLASSIC,US,CLASSIC ORNL F.C.U.
499190,APPLE F.C.U.,DEBIT,CLASSIC,US,CLASSIC APPLE F.C.U.
499857,,DEBIT,BUSINESS,US,BUSINESS
499998,STERLING NATIONAL BANK,DEBIT,BUSINESS,US,BUSINESS STERLING NATIONAL BANK
510004,CELTIC BANK CORPORATION,CREDIT,STANDARD,US,STANDARD CELTIC BANK CORPORATION
510169,COMENITY BANK,CREDIT,STANDARD,US,STANDARD COMENITY BANK
510277,KEYBANK NATIONAL ASSOCIATION,DEBIT,ENHANCED,US,ENHANCED KEYBANK NATIONAL ASSOCIATION
510303,DESCO FEDERAL CREDIT UNION,DEBIT,STANDARD,US,STANDARD DESCO FEDERAL CREDIT UNION
510327,"FISERV SOLUTIONS, LLC",DEBIT,STANDARD,US,"STANDARD FISERV SOLUTIONS, LLC"
510339,"COMPUTER SERVICES, INC.",DEBIT,ENHANCED,US,"ENHANCED COMPUTER SERVICES, INC."
510353,"FISERV SOLUTIONS, LLC",DEBIT,STANDARD,US,"STANDARD FISERV SOLUTIONS, LLC"
510359,"COMPUTER SERVICES, INC.",DEBIT,ENHANCED,US,"ENHANCED COMPUTER SERVICES, INC."
510376,"FISERV SOLUTIONS, LLC",DEBIT,STANDARD,US,"STANDARD FISERV SOLUTIONS, LLC"
510381,JACK HENRY & ASSOCIATES,DEBIT,STANDARD,US,STANDARD JACK HENRY & ASSOCIATES
510397,SULLIVAN BANK,DEBIT,STANDARD,US,STANDARD SULLIVAN BANK
510571,COMMUNITY WEST CREDIT UNION,DEBIT,ENHANCED,US,ENHANCED COMMUNITY WEST CREDIT UNION
510579,INTERBANK,DEBIT,ENHANCED,US,ENHANCED INTERBANK
510581,ST CLOUD FINANCIAL CREDIT UNION,DEBIT,PREPAID HSA NON-SUBSTANTIATED,US,PREPAID HSA NON-SUBSTANTIATED ST CLOUD FINANCIAL CREDIT UNION
510587,"FIDELITY INFORMATION SERVICES, INC.",DEBIT,STANDARD,US,"STANDARD FIDELITY INFORMATION SERVICES, INC."
510617,MORTON COMMUNITY BANK,DEBIT,STANDARD,US,STANDARD MORTON COMMUNITY BANK
510624,U.S. BANK NATIONAL ASSOCIATION,CREDIT,WORLD ELITE,US,WORLD ELITE U.S. BANK NATIONAL ASSOCIATION
510685,"FISERV SOLUTIONS, LLC",DEBIT,ENHANCED,US,"ENHANCED FISERV SOLUTIONS, LLC"
510691,JACK HENRY & ASSOCIATES,DEBIT,STANDARD,US,STANDARD JACK HENRY & ASSOCIATES
510698,"ICBA BANCARD, INC.",DEBIT,STANDARD,US,"STANDARD ICBA BANCARD, INC."
510699,JACK HENRY & ASSOCIATES,DEBIT,STANDARD,US,STANDARD JACK HENRY & ASSOCIATES
510707,JACK HENRY & ASSOCIATES,DEBIT,STANDARD,US,STANDARD JACK HENRY & ASSOCIATES
510774,CUSTOMERS BANK,DEBIT,STANDARD,US,STANDARD CUSTOMERS BANK
510778,JACK HENRY & ASSOCIATES,DEBIT,ENHANCED,US,ENHANCED JACK HENRY & ASSOCIATES
510796,"FISERV SOLUTIONS, LLC",DEBIT,STANDARD,US,"STANDARD FISERV SOLUTIONS, LLC"
510805,"CAPITAL ONE BANK (USA), NATIONAL ASSOCIATION",DEBIT,ENHANCED,US,"ENHANCED CAPITAL ONE BANK (USA), NATIONAL ASSOCIATION"
510840,CUSTOMERS BANK,DEBIT,STANDARD,US,STANDARD CUSTOMERS BANK
510867,"FISERV SOLUTIONS, LLC",DEBIT,STANDARD,US,"STANDARD FISERV SOLUTIONS, LLC"
510875,"CAPITAL ONE, NATIONAL ASSOCIATION",CREDIT,PLATINUM,US,"PLATINUM CAPITAL ONE, NATIONAL ASSOCIATION"
510886,"FISERV SOLUTIONS, LLC",DEBIT,STANDARD,US,"STANDARD FISERV SOLUTIONS, LLC"
510887,"FISERV SOLUTIONS, LLC",DEBIT,STANDARD,US,"STANDARD FISERV SOLUTIONS, LLC"
510888,SANDIA LABORATORY FEDERAL CREDIT UNION,DEBIT,ENHANCED,US,ENHANCED SANDIA LABORATORY FEDERAL CREDIT UNION
510890,FIRST BANKERS TRUST COMPANY N.A.,DEBIT,ENHANCED,US,ENHANCED FIRST BANKERS TRUST COMPANY N.A.
510911,JACK HENRY & ASSOCIATES,DEBIT,ENHANCED,US,ENHANCED JACK HENRY & ASSOCIATES
510921,EASTERN BANK,DEBIT,STANDARD,US,STANDARD EASTERN BANK
510930,STAR FINANCIAL BANK,DEBIT,ENHANCED,US,ENHANCED STAR FINANCIAL BANK
510933,"VERABANK, N.A.",DEBIT,ENHANCED,US,"ENHANCED VERABANK, N.A."
510947,"COMPUTER SERVICES, INC.",DEBIT,ENHANCED,US,"ENHANCED COMPUTER SERVICES, INC."
510958,"FIDELITY INFORMATION SERVICES, INC.",DEBIT,ENHANCED,US,"ENHANCED FIDELITY INFORMATION SERVICES, INC."
510986,"FIFTH THIRD BANK, THE",DEBIT,STANDARD,US,"STANDARD FIFTH THIRD BANK, THE"
511007,"TRELLANCE, INC.",DEBIT,STANDARD,US,"STANDARD TRELLANCE, INC."
511008,CU COOPERATIVE SYSTEMS,DEBIT,ENHANCED,US,ENHANCED CU COOPERATIVE SYSTEMS
511014,CITY & COUNTY CREDIT UNION,DEBIT,STANDARD,US,STANDARD CITY & COUNTY CREDIT UNION
511020,"FIDELITY INFORMATION SERVICES, INC.",DEBIT,ENHANCED,US,"ENHANCED FIDELITY INFORMATION SERVICES, INC."
511024,"FISERV SOLUTIONS, LLC",DEBIT,STANDARD,US,"STANDARD FISERV SOLUTIONS, LLC"
511040,"FORCHT BANK, NA",DEBIT,STANDARD,US,"STANDARD FORCHT BANK, NA"
511055,"FIFTH THIRD BANK, THE",DEBIT,ENHANCED,US,"ENHANCED FIFTH THIRD BANK, THE"
511058,PINNACLE BANK,DEBIT,STANDARD,US,STANDARD PINNACLE BANK
511061,NICOLET NATIONAL BANK,DEBIT,ENHANCED,US,ENHANCED NICOLET NATIONAL BANK
511062,JACK HENRY & ASSOCIATES,DEBIT,STANDARD,US,STANDARD JACK HENRY & ASSOCIATES
511067,VENTURA COUNTY CREDIT UNION,DEBIT,ENHANCED,US,ENHANCED VENTURA COUNTY CREDIT UNION
511078,"COMPUTER SERVICES, INC.",DEBIT,ENHANCED,US,"ENHANCED COMPUTER SERVICES, INC."
511079,"COMPUTER SERVICES, INC.",DEBIT,ENHANCED,US,"ENHANCED COMPUTER SERVICES, INC."
511094,JACK HENRY & ASSOCIATES,DEBIT,ENHANCED,US,ENHANCED JACK HENRY & ASSOCIATES
511118,"KEMBA FINANCIAL CREDIT UNION, INC.",DEBIT,ENHANCED,US,"ENHANCED KEMBA FINANCIAL CREDIT UNION, INC."
511137,"OPTUM BANK, INC.",DEBIT,PREPAID HSA NON-SUBSTANTIATED,US,"PREPAID HSA NON-SUBSTANTIATED OPTUM BANK, INC."
511138,"BOKF, NATIONAL ASSOCIATION",DEBIT,STANDARD,US,"STANDARD BOKF, NATIONAL ASSOCIATION"
511149,PSCU INCORPORATED,DEBIT,ENHANCED,US,ENHANCED PSCU INCORPORATED
511166,"FISERV SOLUTIONS, LLC",DEBIT,ENHANCED,US,"ENHANCED FISERV SOLUTIONS, LLC"
511188,"COMPUTER SERVICES, INC.",DEBIT,ENHANCED,US,"ENHANCED COMPUTER SERVICES, INC."
511195,PSCU INCORPORATED,DEBIT,ENHANCED,US,ENHANCED PSCU INCORPORATED
511197,COMERICA BANK,DEBIT,PREPAID GOVERNMENT,US,PREPAID GOVERNMENT COMERICA BANK
511208,FNCB BANK,DEBIT,ENHANCED,US,ENHANCED FNCB BANK
511245,BANK MIDWEST,DEBIT,STANDARD,US,STANDARD BANK MIDWEST
511271,"CENTRAL TRUST BANK, THE",DEBIT,ENHANCED,US,"ENHANCED CENTRAL TRUST BANK, THE"
511283,INDIANA MEMBERS CREDIT UNION,CREDIT,WORLD,US,WORLD INDIANA MEMBERS CREDIT UNION
511299,"COMPUTER SERVICES, INC.",DEBIT,ENHANCED,US,"ENHANCED COMPUTER SERVICES, INC."
511301,TRADITIONAL BANK INC.,DEBIT,ENHANCED,US,ENHANCED TRADITIONAL BANK INC.
511308,CENTENNIAL BANK,DEBIT,ENHANCED,US,ENHANCED CENTENNIAL BANK
511314,CU COOPERATIVE SYSTEMS,DEBIT,ENHANCED,US,ENHANCED CU COOPERATIVE SYSTEMS
511341,JACK HENRY & ASSOCIATES,DEBIT,ENHANCED,US,ENHANCED JACK HENRY & ASSOCIATES
511350,"SUNRISE BANKS, NATIONAL ASSOCIATION",DEBIT,PREPAID EMPLOYEE INCENTIVE,US,"PREPAID EMPLOYEE INCENTIVE SUNRISE BANKS, NATIONAL ASSOCIATION"
511360,SABINE STATE BANK & TRUST COMPANY,DEBIT,ENHANCED,US,ENHANCED SABINE STATE BANK & TRUST COMPANY
511388,"MEMBER SUPPORT SERVICES, LLC",DEBIT,ENHANCED,US,"ENHANCED MEMBER SUPPORT SERVICES, LLC"
511407,GENISYS CREDIT UNION,DEBIT,ENHANCED,US,ENHANCED GENISYS CREDIT UNION
511413,"FIDELITY INFORMATION SERVICES, INC.",DEBIT,ENHANCED,US,"ENHANCED FIDELITY INFORMATION SERVICES, INC."
511423,"FISERV SOLUTIONS, LLC",DEBIT,ENHANCED,US,"ENHANCED FISERV SOLUTIONS, LLC"
511469,"BANCORP BANK, THE",DEBIT,PREPAID,US,"PREPAID BANCORP BANK, THE"
511471,JACK HENRY & ASSOCIATES,DEBIT,ENHANCED,US,ENHANCED JACK HENRY & ASSOCIATES
511544,EVANSVILLE TEACHERS FEDERAL CREDIT UNION,DEBIT,ENHANCED,US,ENHANCED EVANSVILLE TEACHERS FEDERAL CREDIT UNION
511545,"FISERV SOLUTIONS, LLC",DEBIT,ENHANCED,US,"ENHANCED FISERV SOLUTIONS, LLC"
511552,VIBRANT CREDIT UNION,DEBIT,PREPAID HSA NON-SUBSTANTIATED,US,PREPAID HSA NON-SUBSTANTIATED VIBRANT CREDIT UNION
511558,COMERICA BANK,DEBIT,PREPAID GOVERNMENT,US,PREPAID GOVERNMENT COMERICA BANK
511690,"FISERV SOLUTIONS, LLC",DEBIT,ENHANCED,US,"ENHANCED FISERV SOLUTIONS, LLC"
511728,WAUKESHA STATE BANK,DEBIT,ENHANCED,US,ENHANCED WAUKESHA STATE BANK
511786,"TD BANK USA, N.A.",CREDIT,STANDARD,US,"STANDARD TD BANK USA, N.A."
511809,"FIFTH THIRD BANK, THE",DEBIT,ENHANCED,US,"ENHANCED FIFTH THIRD BANK, THE"
511832,"FIFTH THIRD BANK, THE",DEBIT,ENHANCED,US,"ENHANCED FIFTH THIRD BANK, THE"
511881,JACK HENRY & ASSOCIATES,DEBIT,STANDARD,US,STANDARD JACK HENRY & ASSOCIATES
511897,PROSPERITY BANK,DEBIT,STANDARD,US,STANDARD PROSPERITY BANK
511905,EMPOWER FEDERAL CREDIT UNION,CREDIT,PLATINUM,US,PLATINUM EMPOWER FEDERAL CREDIT UNION
511953,SMARTBANK,DEBIT,ENHANCED,US,ENHANCED SMARTBANK
512062,"FISERV SOLUTIONS, LLC",DEBIT,ENHANCED,US,"ENHANCED FISERV SOLUTIONS, LLC"
512063,RIVER VALLEY CREDIT UNION,CREDIT,PLATINUM,US,PLATINUM RIVER VALLEY CREDIT UNION
512107,CITIBANK N.A.,CREDIT,MIXED PRODUCT,US,MIXED PRODUCT CITIBANK N.A.
512230,GOLDMAN SACHS BANK USA,CREDIT,WORLD ELITE,US,WORLD ELITE GOLDMAN SACHS BANK USA
512268,"FIFTH THIRD BANK, THE",CREDIT,PLATINUM,US,"PLATINUM FIFTH THIRD BANK, THE"
512572,"COMPUTER SERVICES, INC.",DEBIT,ENHANCED,US,"ENHANCED COMPUTER SERVICES, INC."
512605,POTLATCH NO1 FINANCIAL CREDIT UNION,DEBIT,ENHANCED,US,ENHANCED POTLATCH NO1 FINANCIAL CREDIT UNION
512659,SECURITY BANK OF KANSAS CITY,DEBIT,ENHANCED,US,ENHANCED SECURITY BANK OF KANSAS CITY
512660,"FISERV SOLUTIONS, LLC",DEBIT,ENHANCED,US,"ENHANCED FISERV SOLUTIONS, LLC"
512734,"CAPITAL ONE, NATIONAL ASSOCIATION",CREDIT,PLATINUM,US,"PLATINUM CAPITAL ONE, NATIONAL ASSOCIATION"
512829,FREEDOM CREDIT UNION,DEBIT,ENHANCED,US,ENHANCED FREEDOM CREDIT UNION
512838,"ICBA BANCARD, INC.",DEBIT,STANDARD,US,"STANDARD ICBA BANCARD, INC."
512854,"FISERV SOLUTIONS, LLC",DEBIT,ENHANCED,US,"ENHANCED FISERV SOLUTIONS, LLC"
512857,"METABANK, NATIONAL ASSOCIATION",DEBIT,PREPAID RELOADABLE,US,"PREPAID RELOADABLE METABANK, NATIONAL ASSOCIATION"
512876,BANNER BANK,DEBIT,ENHANCED,US,ENHANCED BANNER BANK
512920,"FISERV SOLUTIONS, LLC",DEBIT,ENHANCED,US,"ENHANCED FISERV SOLUTIONS, LLC"
512973,JACK HENRY & ASSOCIATES,DEBIT,ENHANCED,US,ENHANCED JACK HENRY & ASSOCIATES
512986,JACK HENRY & ASSOCIATES,DEBIT,ENHANCED,US,ENHANCED JACK HENRY & ASSOCIATES
512991,"SANTANDER BANK, NA",DEBIT,ENHANCED,US,"ENHANCED SANTANDER BANK, NA"
512992,"SANTANDER BANK, NA",DEBIT,ENHANCED,US,"ENHANCED SANTANDER BANK, NA"
513253,FIRST ELECTRONIC BANK,CREDIT,PLATINUM,US,PLATINUM FIRST ELECTRONIC BANK
513266,STATE EMPLOYEES FEDERAL CREDIT UNION,CREDIT,PLATINUM,US,PLATINUM STATE EMPLOYEES FEDERAL CREDIT UNION
513441,FARMERS AND MERCHANTS BANK,DEBIT,ENHANCED,US,ENHANCED FARMERS AND MERCHANTS BANK
513503,SPOKANE TEACHERS CREDIT UNION,DEBIT,ENHANCED,US,ENHANCED SPOKANE TEACHERS CREDIT UNION
513504,"FIFTH THIRD BANK, THE",DEBIT,ENHANCED,US,"ENHANCED FIFTH THIRD BANK, THE"
513509,"FIFTH THIRD BANK, THE",DEBIT,ENHANCED,US,"ENHANCED FIFTH THIRD BANK, THE"
513519,CHEMUNG CANAL TRUST COMPANY,DEBIT,ENHANCED,US,ENHANCED CHEMUNG CANAL TRUST COMPANY
513547,FIVE STAR BANK,DEBIT,ENHANCED,US,ENHANCED FIVE STAR BANK
513638,SPOKANE TEACHERS CREDIT UNION,CREDIT,PLATINUM,US,PLATINUM SPOKANE TEACHERS CREDIT UNION
513764,CU COOPERATIVE SYSTEMS,CREDIT,STANDARD,US,STANDARD CU COOPERATIVE SYSTEMS
513871,FREMONT BANK,DEBIT,ENHANCED,US,ENHANCED FREMONT BANK
513872,AMERICAN NATIONAL BANK,DEBIT,ENHANCED,US,ENHANCED AMERICAN NATIONAL BANK
513874,CU COOPERATIVE SYSTEMS,DEBIT,ENHANCED,US,ENHANCED CU COOPERATIVE SYSTEMS
513881,HANSCOM FEDERAL CREDIT UNION,DEBIT,ENHANCED,US,ENHANCED HANSCOM FEDERAL CREDIT UNION
513898,CREDIT HUMAN FEDERAL CREDIT UNION,CREDIT,PLATINUM,US,PLATINUM CREDIT HUMAN FEDERAL CREDIT UNION
514015,FIRST NATIONAL BANK OF OMAHA,CREDIT,PLATINUM,US,PLATINUM FIRST NATIONAL BANK OF OMAHA
514021,BARCLAYS BANK DELAWARE,CREDIT,PLATINUM,US,PLATINUM BARCLAYS BANK DELAWARE
514022,NAVY FEDERAL CREDIT UNION,CREDIT,PLATINUM,US,PLATINUM NAVY FEDERAL CREDIT UNION
514046,ENRICHMENT FEDERAL CREDIT UNION,CREDIT,PLATINUM,US,PLATINUM ENRICHMENT FEDERAL CREDIT UNION
514106,"METABANK, NATIONAL ASSOCIATION",DEBIT,PREPAID WORKPLACE B2B,US,"PREPAID WORKPLACE B2B METABANK, NATIONAL ASSOCIATION"
514160,PSCU INCORPORATED,DEBIT,ENHANCED,US,ENHANCED PSCU INCORPORATED
514170,"FISERV TRANSACTION SERVICES, LLC",DEBIT,STANDARD,US,"STANDARD FISERV TRANSACTION SERVICES, LLC"
514178,"FIFTH THIRD BANK, THE",DEBIT,ENHANCED,US,"ENHANCED FIFTH THIRD BANK, THE"
514181,"FISERV SOLUTIONS, LLC",DEBIT,ENHANCED,US,"ENHANCED FISERV SOLUTIONS, LLC"
514206,"FISERV SOLUTIONS, LLC",DEBIT,STANDARD,US,"STANDARD FISERV SOLUTIONS, LLC"
514207,JACK HENRY & ASSOCIATES,DEBIT,ENHANCED,US,ENHANCED JACK HENRY & ASSOCIATES
514219,"FIDELITY INFORMATION SERVICES, INC.",DEBIT,STANDARD,US,"STANDARD FIDELITY INFORMATION SERVICES, INC."
514230,WOODFOREST NATIONAL BANK,DEBIT,ENHANCED,US,ENHANCED WOODFOREST NATIONAL BANK
514246,"COMPUTER SERVICES, INC.",DEBIT,ENHANCED,US,"ENHANCED COMPUTER SERVICES, INC."
514274,"FIFTH THIRD BANK, THE",DEBIT,ENHANCED,US,"ENHANCED FIFTH THIRD BANK, THE"
514278,PSCU INCORPORATED,DEBIT,ENHANCED,US,ENHANCED PSCU INCORPORATED
514284,"TRELLANCE, INC.",DEBIT,STANDARD,US,"STANDARD TRELLANCE, INC."
514292,PSCU INCORPORATED,DEBIT,ENHANCED,US,ENHANCED PSCU INCORPORATED
514300,"FISERV SOLUTIONS, LLC",DEBIT,ENHANCED,US,"ENHANCED FISERV SOLUTIONS, LLC"
514307,"SHAZAM, INC.",DEBIT,ENHANCED,US,"ENHANCED SHAZAM, INC."
514309,CREDIT HUMAN FEDERAL CREDIT UNION,DEBIT,ENHANCED,US,ENHANCED CREDIT HUMAN FEDERAL CREDIT UNION
514345,JACK HENRY & ASSOCIATES,DEBIT,STANDARD,US,STANDARD JACK HENRY & ASSOCIATES
514348,"SHAZAM, INC.",DEBIT,ENHANCED,US,"ENHANCED SHAZAM, INC."
514377,"BANCORP BANK, THE",DEBIT,ENHANCED,US,"ENHANCED BANCORP BANK, THE"
514378,LAKELAND BANK,DEBIT,STANDARD,US,STANDARD LAKELAND BANK
514385,PSCU INCORPORATED,DEBIT,ENHANCED,US,ENHANCED PSCU INCORPORATED
514399,FARMERS STATE BANK,DEBIT,ENHANCED,US,ENHANCED FARMERS STATE BANK
514402,"SHAZAM, INC.",DEBIT,ENHANCED,US,"ENHANCED SHAZAM, INC."
514406,"FISERV TRANSACTION SERVICES, LLC",DEBIT,STANDARD,US,"STANDARD FISERV TRANSACTION SERVICES, LLC"
514407,"FISERV SOLUTIONS, LLC",DEBIT,STANDARD,US,"STANDARD FISERV SOLUTIONS, LLC"
514424,"FISERV SOLUTIONS, LLC",DEBIT,STANDARD,US,"STANDARD FISERV SOLUTIONS, LLC"
514433,"FISERV SOLUTIONS, LLC",DEBIT,STANDARD,US,"STANDARD FISERV SOLUTIONS, LLC"
514447,JACK HENRY & ASSOCIATES,DEBIT,STANDARD,US,STANDARD JACK HENRY & ASSOCIATES
514460,JACK HENRY & ASSOCIATES,DEBIT,STANDARD,US,STANDARD JACK HENRY & ASSOCIATES
514474,KEYBANK NATIONAL ASSOCIATION,CREDIT,WORLD,US,WORLD KEYBANK NATIONAL ASSOCIATION
514478,PROSPERITY BANK,DEBIT,STANDARD,US,STANDARD PROSPERITY BANK
514483,SKYLINE NATIONAL BANK,DEBIT,ENHANCED,US,ENHANCED SKYLINE NATIONAL BANK
514491,"FISERV SOLUTIONS, LLC",DEBIT,STANDARD,US,"STANDARD FISERV SOLUTIONS, LLC"
514500,SOUTHSIDE BANK,DEBIT,ENHANCED,US,ENHANCED SOUTHSIDE BANK
514505,"FISERV TRANSACTION SERVICES, LLC",DEBIT,STANDARD,US,"STANDARD FISERV TRANSACTION SERVICES, LLC"
514518,FIRST TECHNOLOGY FEDERAL CREDIT UNION,DEBIT,ENHANCED,US,ENHANCED FIRST TECHNOLOGY FEDERAL CREDIT UNION
514552,"OPTUM BANK, INC.",DEBIT,PREPAID FLEX BENEFIT,US,"PREPAID FLEX BENEFIT OPTUM BANK, INC."
514578,"FISERV TRANSACTION SERVICES, LLC",DEBIT,STANDARD,US,"STANDARD FISERV TRANSACTION SERVICES, LLC"
514589,JACK HENRY & ASSOCIATES,DEBIT,STANDARD,US,STANDARD JACK HENRY & ASSOCIATES
514590,"FIFTH THIRD BANK, THE",DEBIT,ENHANCED,US,"ENHANCED FIFTH THIRD BANK, THE"
514599,"FISERV SOLUTIONS, LLC",DEBIT,STANDARD,US,"STANDARD FISERV SOLUTIONS, LLC"
514616,WOODFOREST NATIONAL BANK,DEBIT,ENHANCED,US,ENHANCED WOODFOREST NATIONAL BANK
514619,PSCU INCORPORATED,DEBIT,ENHANCED,US,ENHANCED PSCU INCORPORATED
514621,"SHAZAM, INC.",DEBIT,ENHANCED,US,"ENHANCED SHAZAM, INC."
514659,PROVIDENT BANK,DEBIT,BUSINESS,US,BUSINESS PROVIDENT BANK
514735,BARCLAYS BANK DELAWARE,CREDIT,WORLD,US,WORLD BARCLAYS BANK DELAWARE
514751,"ASSOCIATED BANK, N.A.",DEBIT,ENHANCED,US,"ENHANCED ASSOCIATED BANK, N.A."
514759,"CAPITAL ONE BANK (USA), NATIONAL ASSOCIATION",DEBIT,ENHANCED,US,"ENHANCED CAPITAL ONE BANK (USA), NATIONAL ASSOCIATION"
514791,FIFTH THIRD BANK,DEBIT,STANDARD,US,STANDARD FIFTH THIRD BANK
514793,THREE RIVERS FEDERAL CREDIT UNION,DEBIT,ENHANCED,US,ENHANCED THREE RIVERS FEDERAL CREDIT UNION
514819,CONSUMERS CREDIT UNION,DEBIT,ENHANCED,US,ENHANCED CONSUMERS CREDIT UNION
514839,EMBERS CREDIT UNION,DEBIT,ENHANCED,US,ENHANCED EMBERS CREDIT UNION
514865,FIRST BANK KANSAS,DEBIT,ENHANCED,US,ENHANCED FIRST BANK KANSAS
514887,BARCLAYS BANK DELAWARE,CREDIT,PLATINUM,US,PLATINUM BARCLAYS BANK DELAWARE
514888,BARCLAYS BANK DELAWARE,CREDIT,PLATINUM,US,PLATINUM BARCLAYS BANK DELAWARE
514891,BARCLAYS BANK DELAWARE,CREDIT,PLATINUM,US,PLATINUM BARCLAYS BANK DELAWARE
514953,"CAPITAL ONE BANK (USA), NATIONAL ASSOCIATION",CREDIT,PLATINUM,US,"PLATINUM CAPITAL ONE BANK (USA), NATIONAL ASSOCIATION"
514968,STATE EMPLOYEES FEDERAL CREDIT UNION,DEBIT,ENHANCED,US,ENHANCED STATE EMPLOYEES FEDERAL CREDIT UNION
514997,JACK HENRY & ASSOCIATES,DEBIT,STANDARD,US,STANDARD JACK HENRY & ASSOCIATES
515002,MEMBERS COOPERATIVE CREDIT UNION,DEBIT,STANDARD,US,STANDARD MEMBERS COOPERATIVE CREDIT UNION
515050,"FISERV SOLUTIONS, LLC",DEBIT,STANDARD,US,"STANDARD FISERV SOLUTIONS, LLC"
515091,COMERICA BANK,DEBIT,PREPAID GOVERNMENT,US,PREPAID GOVERNMENT COMERICA BANK
515147,U.S. BANK NATIONAL ASSOCIATION,DEBIT,PREPAID RELOADABLE,US,PREPAID RELOADABLE U.S. BANK NATIONAL ASSOCIATION
515175,"FISERV SOLUTIONS, LLC",DEBIT,ENHANCED,US,"ENHANCED FISERV SOLUTIONS, LLC"
515190,TOWN & COUNTRY BANK AND TRUST COMPANY,DEBIT,ENHANCED,US,ENHANCED TOWN & COUNTRY BANK AND TRUST COMPANY
515194,"FISERV SOLUTIONS, LLC",DEBIT,STANDARD,US,"STANDARD FISERV SOLUTIONS, LLC"
515213,EQUITY BANK,DEBIT,STANDARD,US,STANDARD EQUITY BANK
515225,"SHAZAM, INC.",DEBIT,ENHANCED,US,"ENHANCED SHAZAM, INC."
515232,FRANKENMUTH CREDIT UNION,CREDIT,PLATINUM,US,PLATINUM FRANKENMUTH CREDIT UNION
515233,"FISERV SOLUTIONS, LLC",DEBIT,ENHANCED,US,"ENHANCED FISERV SOLUTIONS, LLC"
515241,"CAPITAL ONE BANK (USA), NATIONAL ASSOCIATION",DEBIT,ENHANCED,US,"ENHANCED CAPITAL ONE BANK (USA), NATIONAL ASSOCIATION"
515242,"ICBA BANCARD, INC.",DEBIT,STANDARD,US,"STANDARD ICBA BANCARD, INC."
515247,"FISERV SOLUTIONS, LLC",DEBIT,ENHANCED,US,"ENHANCED FISERV SOLUTIONS, LLC"
515250,STRATA FEDERAL CREDIT UNION,DEBIT,ENHANCED,US,ENHANCED STRATA FEDERAL CREDIT UNION
515255,SUN EAST FEDERAL CREDIT UNION,DEBIT,ENHANCED,US,ENHANCED SUN EAST FEDERAL CREDIT UNION
515260,PSCU INCORPORATED,DEBIT,ENHANCED,US,ENHANCED PSCU INCORPORATED
515307,"CAPITAL ONE, NATIONAL ASSOCIATION",CREDIT,WORLD,US,"WORLD CAPITAL ONE, NATIONAL ASSOCIATION"
515327,"FIFTH THIRD BANK, THE",DEBIT,ENHANCED,US,"ENHANCED FIFTH THIRD BANK, THE"
515339,"FISERV SOLUTIONS, LLC",DEBIT,ENHANCED,US,"ENHANCED FISERV SOLUTIONS, LLC"
515342,JACK HENRY & ASSOCIATES,DEBIT,ENHANCED,US,ENHANCED JACK HENRY & ASSOCIATES
515345,"FISERV SOLUTIONS, LLC",DEBIT,STANDARD,US,"STANDARD FISERV SOLUTIONS, LLC"
515354,ACHIEVA CREDIT UNION,DEBIT,ENHANCED,US,ENHANCED ACHIEVA CREDIT UNION
515355,"FISERV SOLUTIONS, LLC",DEBIT,STANDARD,US,"STANDARD FISERV SOLUTIONS, LLC"
515368,"METABANK, NATIONAL ASSOCIATION",DEBIT,GIFT,US,"GIFT METABANK, NATIONAL ASSOCIATION"
515442,B1BANK,DEBIT,BUSINESS,US,BUSINESS B1BANK
515558,CLEAR MOUNTAIN BANK,CREDIT,PLATINUM,US,PLATINUM CLEAR MOUNTAIN BANK
515561,"FIFTH THIRD BANK, THE",DEBIT,ENHANCED,US,"ENHANCED FIFTH THIRD BANK, THE"
515569,"NORTH SHORE BANK, FSB",DEBIT,ENHANCED,US,"ENHANCED NORTH SHORE BANK, FSB"
515592,"CAPITAL ONE BANK (USA), NATIONAL ASSOCIATION",CREDIT,PLATINUM,US,"PLATINUM CAPITAL ONE BANK (USA), NATIONAL ASSOCIATION"
515593,"CAPITAL ONE BANK (USA), NATIONAL ASSOCIATION",CREDIT,PLATINUM,US,"PLATINUM CAPITAL ONE BANK (USA), NATIONAL ASSOCIATION"
515597,"CAPITAL ONE BANK (USA), NATIONAL ASSOCIATION",CREDIT,PLATINUM,US,"PLATINUM CAPITAL ONE BANK (USA), NATIONAL ASSOCIATION"
515599,"CAPITAL ONE BANK (USA), NATIONAL ASSOCIATION",CREDIT,PLATINUM,US,"PLATINUM CAPITAL ONE BANK (USA), NATIONAL ASSOCIATION"
515636,"BANKERS BANK, THE",DEBIT,ENHANCED,US,"ENHANCED BANKERS BANK, THE"
515645,GUARDIAN CREDIT UNION,DEBIT,ENHANCED,US,ENHANCED GUARDIAN CREDIT UNION
515665,BARCLAYS BANK DELAWARE,CREDIT,PLATINUM,US,PLATINUM BARCLAYS BANK DELAWARE
515676,"CAPITAL ONE BANK (USA), NATIONAL ASSOCIATION",CREDIT,WORLD ELITE,US,"WORLD ELITE CAPITAL ONE BANK (USA), NATIONAL ASSOCIATION"
515678,"CAPITAL ONE BANK (USA), NATIONAL ASSOCIATION",CREDIT,WORLD ELITE,US,"WORLD ELITE CAPITAL ONE BANK (USA), NATIONAL ASSOCIATION"
515917,"FISERV SOLUTIONS, LLC",DEBIT,STANDARD,US,"STANDARD FISERV SOLUTIONS, LLC"
515931,"FIDELITY INFORMATION SERVICES, INC.",DEBIT,STANDARD,US,"STANDARD FIDELITY INFORMATION SERVICES, INC."
515936,EQUITY BANK,DEBIT,STANDARD,US,STANDARD EQUITY BANK
515937,"SHAZAM, INC.",DEBIT,ENHANCED,US,"ENHANCED SHAZAM, INC."
515940,"FISERV SOLUTIONS, LLC",DEBIT,STANDARD,US,"STANDARD FISERV SOLUTIONS, LLC"
515942,WEBBANK,CREDIT,PLATINUM,US,PLATINUM WEBBANK
515985,"COMPUTER SERVICES, INC.",DEBIT,ENHANCED,US,"ENHANCED COMPUTER SERVICES, INC."
516030,"FIDELITY INFORMATION SERVICES, INC.",DEBIT,ENHANCED,US,"ENHANCED FIDELITY INFORMATION SERVICES, INC."
516278,"FISERV SOLUTIONS, LLC",DEBIT,ENHANCED,US,"ENHANCED FISERV SOLUTIONS, LLC"
516289,EECU,DEBIT,ENHANCED,US,ENHANCED EECU
516406,"FIDELITY INFORMATION SERVICES, INC.",DEBIT,ENHANCED,US,"ENHANCED FIDELITY INFORMATION SERVICES, INC."
516409,CU COOPERATIVE SYSTEMS,DEBIT,STANDARD,US,STANDARD CU COOPERATIVE SYSTEMS
516412,"FISERV SOLUTIONS, LLC",DEBIT,STANDARD,US,"STANDARD FISERV SOLUTIONS, LLC"
516430,"ICBA BANCARD, INC.",DEBIT,STANDARD,US,"STANDARD ICBA BANCARD, INC."
516439,FIRST COMMUNITY CREDIT UNION,DEBIT,ENHANCED,US,ENHANCED FIRST COMMUNITY CREDIT UNION
516513,"METABANK, NATIONAL ASSOCIATION",DEBIT,PREPAID WORKPLACE B2B,US,"PREPAID WORKPLACE B2B METABANK, NATIONAL ASSOCIATION"
516648,"BANK OF MISSOURI, THE",CREDIT,STANDARD,US,"STANDARD BANK OF MISSOURI, THE"
516714,JACK HENRY & ASSOCIATES,DEBIT,STANDARD,US,STANDARD JACK HENRY & ASSOCIATES
516716,JACK HENRY & ASSOCIATES,DEBIT,STANDARD,US,STANDARD JACK HENRY & ASSOCIATES
516722,"FISERV SOLUTIONS, LLC",DEBIT,ENHANCED,US,"ENHANCED FISERV SOLUTIONS, LLC"
516723,MARION & POLK SCHOOLS CREDIT UNION,DEBIT,ENHANCED,US,ENHANCED MARION & POLK SCHOOLS CREDIT UNION
517081,FIRST NATIONAL BANK,DEBIT,ENHANCED,US,ENHANCED FIRST NATIONAL BANK
517082,JACK HENRY & ASSOCIATES,DEBIT,STANDARD,US,STANDARD JACK HENRY & ASSOCIATES
517090,"UNION BANK COMPANY, THE",DEBIT,ENHANCED,US,"ENHANCED UNION BANK COMPANY, THE"
517148,"CAPITAL ONE BANK (USA), NATIONAL ASSOCIATION",CREDIT,WORLD ELITE,US,"WORLD ELITE CAPITAL ONE BANK (USA), NATIONAL ASSOCIATION"
517177,"CAPITAL ONE, NATIONAL ASSOCIATION",CREDIT,WORLD,US,"WORLD CAPITAL ONE, NATIONAL ASSOCIATION"
517279,FIRST NATIONAL BANK TEXAS,DEBIT,ENHANCED,US,ENHANCED FIRST NATIONAL BANK TEXAS
517330,GENISYS CREDIT UNION,CREDIT,PLATINUM,US,PLATINUM GENISYS CREDIT UNION
517430,"ICBA BANCARD, INC.",DEBIT,ENHANCED,US,"ENHANCED ICBA BANCARD, INC."
517431,ALTURA CREDIT UNION,DEBIT,ENHANCED,US,ENHANCED ALTURA CREDIT UNION
517479,CITIBANK N.A.,CREDIT,PLATINUM,US,PLATINUM CITIBANK N.A.
517542,TEACHERS CREDIT UNION,DEBIT,ENHANCED,US,ENHANCED TEACHERS CREDIT UNION
517545,HUNTINGTON NATIONAL BANK,DEBIT,ENHANCED,US,ENHANCED HUNTINGTON NATIONAL BANK
517546,HUNTINGTON NATIONAL BANK,DEBIT,ENHANCED,US,ENHANCED HUNTINGTON NATIONAL BANK
517564,"FISERV SOLUTIONS, LLC",DEBIT,ENHANCED,US,"ENHANCED FISERV SOLUTIONS, LLC"
517566,"FISERV SOLUTIONS, LLC",DEBIT,ENHANCED,US,"ENHANCED FISERV SOLUTIONS, LLC"
517572,"BANK OF AMERICA, NATIONAL ASSOCIATION",DEBIT,ENHANCED,US,"ENHANCED BANK OF AMERICA, NATIONAL ASSOCIATION"
517576,SAFE 1 CREDIT UNION,DEBIT,ENHANCED,US,ENHANCED SAFE 1 CREDIT UNION
517669,"CAPITAL ONE, NATIONAL ASSOCIATION",CREDIT,PLATINUM,US,"PLATINUM CAPITAL ONE, NATIONAL ASSOCIATION"
517681,"BOKF, NATIONAL ASSOCIATION",DEBIT,ENHANCED,US,"ENHANCED BOKF, NATIONAL ASSOCIATION"
517797,"FISERV SOLUTIONS, LLC",DEBIT,STANDARD,US,"STANDARD FISERV SOLUTIONS, LLC"
517800,FIRST PREMIER BANK,CREDIT,STANDARD,US,STANDARD FIRST PREMIER BANK
517805,"CAPITAL ONE BANK (USA), NATIONAL ASSOCIATION",CREDIT,PLATINUM,US,"PLATINUM CAPITAL ONE BANK (USA), NATIONAL ASSOCIATION"
517862,FIRST BANK,DEBIT,ENHANCED,US,ENHANCED FIRST BANK
517869,"MUFG UNION BANK, N.A.",DEBIT,ENHANCED,US,"ENHANCED MUFG UNION BANK, N.A."
517884,"FISERV SOLUTIONS, LLC",DEBIT,ENHANCED,US,"ENHANCED FISERV SOLUTIONS, LLC"
517895,"FIFTH THIRD BANK, THE",DEBIT,ENHANCED,US,"ENHANCED FIFTH THIRD BANK, THE"
517898,FIRST PREMIER BANK,DEBIT,ENHANCED,US,ENHANCED FIRST PREMIER BANK
517903,CU COOPERATIVE SYSTEMS,DEBIT,ENHANCED,US,ENHANCED CU COOPERATIVE SYSTEMS
517906,EASTERN BANK,DEBIT,ENHANCED,US,ENHANCED EASTERN BANK
517975,"CHASE BANK USA, N.A.",CREDIT,WORLD ELITE,US,"WORLD ELITE CHASE BANK USA, N.A."
518117,MERRICK BANK CORPORATION,CREDIT,,US,MERRICK BANK CORPORATION
518155,GREEN DOT BANK,DEBIT,STANDARD,US,STANDARD GREEN DOT BANK
518163,CU COOPERATIVE SYSTEMS,DEBIT,STANDARD,US,STANDARD CU COOPERATIVE SYSTEMS
518177,HILLS BANK & TRUST COMPANY,CREDIT,STANDARD,US,STANDARD HILLS BANK & TRUST COMPANY
518213,FIRST SAVINGS BANK,CREDIT,STANDARD,US,STANDARD FIRST SAVINGS BANK
518234,JACK HENRY & ASSOCIATES,DEBIT,ENHANCED,US,ENHANCED JACK HENRY & ASSOCIATES
518698,"CHASE BANK USA, N.A.",CREDIT,WORLD ELITE,US,"WORLD ELITE CHASE BANK USA, N.A."
518699,"EVANS BANK, NATIONAL ASSOCIATION",DEBIT,ENHANCED,US,"ENHANCED EVANS BANK, NATIONAL ASSOCIATION"
518725,"CAPITAL ONE BANK (USA), NATIONAL ASSOCIATION",CREDIT,WORLD ELITE,US,"WORLD ELITE CAPITAL ONE BANK (USA), NATIONAL ASSOCIATION"
519146,CHROME FEDERAL CREDIT UNION,CREDIT,WORLD,US,WORLD CHROME FEDERAL CREDIT UNION
519234,FIRST FINANCIAL CREDIT UNION,DEBIT,ENHANCED,US,ENHANCED FIRST FINANCIAL CREDIT UNION
519243,JACK HENRY & ASSOCIATES,DEBIT,ENHANCED,US,ENHANCED JACK HENRY & ASSOCIATES
519292,CREDIT UNION ONE,DEBIT,ENHANCED,US,ENHANCED CREDIT UNION ONE
519334,PSCU INCORPORATED,CREDIT,PLATINUM,US,PLATINUM PSCU INCORPORATED
519452,BARCLAYS BANK DELAWARE,CREDIT,STANDARD,US,STANDARD BARCLAYS BANK DELAWARE
519615,DATA CENTER INCORPORATED,DEBIT,ENHANCED,US,ENHANCED DATA CENTER INCORPORATED
519837,"LAKE FOREST BANK & TRUST COMPANY, N.A.",DEBIT,ENHANCED,US,"ENHANCED LAKE FOREST BANK & TRUST COMPANY, N.A."
519880,LOGIX FEDERAL CREDIT UNION,DEBIT,ENHANCED,US,ENHANCED LOGIX FEDERAL CREDIT UNION
519882,CREDIT UNION 1,DEBIT,ENHANCED,US,ENHANCED CREDIT UNION 1
519906,FORUM CREDIT UNION,DEBIT,ENHANCED,US,ENHANCED FORUM CREDIT UNION
519947,"BANK OF AMERICA, NATIONAL ASSOCIATION",CREDIT,WORLD ELITE,US,"WORLD ELITE BANK OF AMERICA, NATIONAL ASSOCIATION"
519955,BARCLAYS BANK DELAWARE,CREDIT,WORLD ELITE,US,WORLD ELITE BARCLAYS BANK DELAWARE
520069,RANDOLPH BROOKS FEDERAL CREDIT UNION,CREDIT,WORLD,US,WORLD RANDOLPH BROOKS FEDERAL CREDIT UNION
520094,"CAPITAL ONE, NATIONAL ASSOCIATION",CREDIT,PLATINUM,US,"PLATINUM CAPITAL ONE, NATIONAL ASSOCIATION"
520112,CU COOPERATIVE SYSTEMS,CREDIT,PLATINUM,US,PLATINUM CU COOPERATIVE SYSTEMS
520118,"CAPITAL ONE, NATIONAL ASSOCIATION",CREDIT,PLATINUM,US,"PLATINUM CAPITAL ONE, NATIONAL ASSOCIATION"
520182,FIRST NATIONAL BANK OF OMAHA,CREDIT,MIXED PRODUCT,US,MIXED PRODUCT FIRST NATIONAL BANK OF OMAHA
520250,JACK HENRY & ASSOCIATES,DEBIT,PREPAID HSA NON-SUBSTANTIATED,US,PREPAID HSA NON-SUBSTANTIATED JACK HENRY & ASSOCIATES
520267,"FISERV SOLUTIONS, LLC",DEBIT,ENHANCED,US,"ENHANCED FISERV SOLUTIONS, LLC"
520278,ST LOUIS COMMUNITY CREDIT UNION,DEBIT,ENHANCED,US,ENHANCED ST LOUIS COMMUNITY CREDIT UNION
520282,JACK HENRY & ASSOCIATES,DEBIT,ENHANCED,US,ENHANCED JACK HENRY & ASSOCIATES
520291,"BOKF, NATIONAL ASSOCIATION",DEBIT,ENHANCED,US,"ENHANCED BOKF, NATIONAL ASSOCIATION"
520299,JACK HENRY & ASSOCIATES,DEBIT,ENHANCED,US,ENHANCED JACK HENRY & ASSOCIATES
520321,"SHAZAM, INC.",DEBIT,ENHANCED,US,"ENHANCED SHAZAM, INC."
520512,FIRST COMMONWEALTH BANK,DEBIT,BUSINESS,US,BUSINESS FIRST COMMONWEALTH BANK
520554,"FIFTH THIRD BANK, THE",DEBIT,ENHANCED,US,"ENHANCED FIFTH THIRD BANK, THE"
520602,GOLDMAN SACHS BANK USA,CREDIT,WORLD ELITE,US,WORLD ELITE GOLDMAN SACHS BANK USA
520612,"CAPITAL ONE, NATIONAL ASSOCIATION",CREDIT,PLATINUM,US,"PLATINUM CAPITAL ONE, NATIONAL ASSOCIATION"
520644,FIRST WESTERN BANK & TRUST,DEBIT,ENHANCED,US,ENHANCED FIRST WESTERN BANK & TRUST
520671,"HERITAGE BANK, INC.",DEBIT,ENHANCED,US,"ENHANCED HERITAGE BANK, INC."
520711,SUTTON BANK,DEBIT,BUSINESS,US,BUSINESS SUTTON BANK
520788,"FISERV SOLUTIONS, LLC",DEBIT,ENHANCED,US,"ENHANCED FISERV SOLUTIONS, LLC"
520943,BARCLAYS BANK DELAWARE,CREDIT,PLATINUM,US,PLATINUM BARCLAYS BANK DELAWARE
521105,"CAPITAL ONE BANK (USA), NATIONAL ASSOCIATION",DEBIT,ENHANCED,US,"ENHANCED CAPITAL ONE BANK (USA), NATIONAL ASSOCIATION"
521131,"FIFTH THIRD BANK, THE",CREDIT,PLATINUM,US,"PLATINUM FIFTH THIRD BANK, THE"
521134,"BANK OF AMERICA, NATIONAL ASSOCIATION",CREDIT,PLATINUM,US,"PLATINUM BANK OF AMERICA, NATIONAL ASSOCIATION"
521223,"PATRIOT BANK, NATIONAL ASSOCIATION",DEBIT,PROFESSIONAL,US,"PROFESSIONAL PATRIOT BANK, NATIONAL ASSOCIATION"
521267,GOLDMAN SACHS BANK USA,CREDIT,WORLD ELITE,US,WORLD ELITE GOLDMAN SACHS BANK USA
521307,"CHASE BANK USA, N.A.",CREDIT,WORLD ELITE,US,"WORLD ELITE CHASE BANK USA, N.A."
521322,FIRST NATIONAL BANK OF OMAHA,CREDIT,PLATINUM,US,PLATINUM FIRST NATIONAL BANK OF OMAHA
521332,"HSBC BANK USA, NATIONAL ASSOCIATION",CREDIT,PLATINUM,US,"PLATINUM HSBC BANK USA, NATIONAL ASSOCIATION"
521333,SYNCHRONY BANK,CREDIT,PLATINUM,US,PLATINUM SYNCHRONY BANK
521379,FORTERA FEDERAL CREDIT UNION,CREDIT,PLATINUM,US,PLATINUM FORTERA FEDERAL CREDIT UNION
521474,RANDOLPH BROOKS FEDERAL CREDIT UNION,CREDIT,BUSINESS,US,BUSINESS RANDOLPH BROOKS FEDERAL CREDIT UNION
521619,STEARNS BANK NATIONAL ASSOCIATION,DEBIT,ENHANCED,US,ENHANCED STEARNS BANK NATIONAL ASSOCIATION
521641,ARKANSAS FEDERAL CREDIT UNION,CREDIT,STANDARD,US,STANDARD ARKANSAS FEDERAL CREDIT UNION
521702,JACK HENRY & ASSOCIATES,DEBIT,ENHANCED,US,ENHANCED JACK HENRY & ASSOCIATES
521730,BMO HARRIS BANK N.A.,DEBIT,ENHANCED,US,ENHANCED BMO HARRIS BANK N.A.
521844,"SHAZAM, INC.",DEBIT,ENHANCED,US,"ENHANCED SHAZAM, INC."
521868,AMERICAN STATE BANK,DEBIT,ENHANCED,US,ENHANCED AMERICAN STATE BANK
521870,"METABANK, NATIONAL ASSOCIATION",DEBIT,ENHANCED,US,"ENHANCED METABANK, NATIONAL ASSOCIATION"
521979,CUSB BANK,DEBIT,PREPAID HSA NON-SUBSTANTIATED,US,PREPAID HSA NON-SUBSTANTIATED CUSB BANK
521980,GULF COAST BANK & TRUST COMPANY,DEBIT,ENHANCED,US,ENHANCED GULF COAST BANK & TRUST COMPANY
521987,"COMPUTER SERVICES, INC.",DEBIT,ENHANCED,US,"ENHANCED COMPUTER SERVICES, INC."
521991,FIRST INTERSTATE BANK,DEBIT,ENHANCED,US,ENHANCED FIRST INTERSTATE BANK
521997,BANCFIRST,DEBIT,ENHANCED,US,ENHANCED BANCFIRST
522094,COMMUNITY FEDERAL SAVINGS BANK,DEBIT,PREPAID RELOADABLE,US,PREPAID RELOADABLE COMMUNITY FEDERAL SAVINGS BANK
522201,"FISERV SOLUTIONS, LLC",DEBIT,ENHANCED,US,"ENHANCED FISERV SOLUTIONS, LLC"
522341,CU COOPERATIVE SYSTEMS,CREDIT,PLATINUM,US,PLATINUM CU COOPERATIVE SYSTEMS
522364,"FIFTH THIRD BANK, THE",CREDIT,PLATINUM,US,"PLATINUM FIFTH THIRD BANK, THE"
522367,"ICBA BANCARD, INC.",CREDIT,PLATINUM,US,"PLATINUM ICBA BANCARD, INC."
522448,HOME TOWN FEDERAL CREDIT UNION,DEBIT,ENHANCED,US,ENHANCED HOME TOWN FEDERAL CREDIT UNION
522535,PROVIDENT BANK,DEBIT,ENHANCED,US,ENHANCED PROVIDENT BANK
522555,"FISERV SOLUTIONS, LLC",DEBIT,ENHANCED,US,"ENHANCED FISERV SOLUTIONS, LLC"
522559,"FIFTH THIRD BANK, THE",DEBIT,ENHANCED,US,"ENHANCED FIFTH THIRD BANK, THE"
522561,"FISERV SOLUTIONS, LLC",DEBIT,ENHANCED,US,"ENHANCED FISERV SOLUTIONS, LLC"
522704,COMENITY BANK,CREDIT,STANDARD,US,STANDARD COMENITY BANK
522924,ENRICHMENT FEDERAL CREDIT UNION,DEBIT,ENHANCED,US,ENHANCED ENRICHMENT FEDERAL CREDIT UNION
522969,"BOKF, NATIONAL ASSOCIATION",DEBIT,ENHANCED,US,"ENHANCED BOKF, NATIONAL ASSOCIATION"
523011,"FISERV SOLUTIONS, LLC",DEBIT,ENHANCED,US,"ENHANCED FISERV SOLUTIONS, LLC"
523063,DATA CENTER INCORPORATED,DEBIT,ENHANCED,US,ENHANCED DATA CENTER INCORPORATED
523081,FIRST BANK AND TRUST,CREDIT,PLATINUM,US,PLATINUM FIRST BANK AND TRUST
523098,"FISERV SOLUTIONS, LLC",DEBIT,ENHANCED,US,"ENHANCED FISERV SOLUTIONS, LLC"
523222,FIRST BANK AND TRUST,CREDIT,PLATINUM,US,PLATINUM FIRST BANK AND TRUST
523241,FOUNDERS FEDERAL CREDIT UNION,CREDIT,PLATINUM,US,PLATINUM FOUNDERS FEDERAL CREDIT UNION
523245,FOUNDERS FEDERAL CREDIT UNION,CREDIT,WORLD,US,WORLD FOUNDERS FEDERAL CREDIT UNION
523596,"FISERV SOLUTIONS, LLC",DEBIT,ENHANCED,US,"ENHANCED FISERV SOLUTIONS, LLC"
523669,JACK HENRY & ASSOCIATES,DEBIT,PREPAID HSA NON-SUBSTANTIATED,US,PREPAID HSA NON-SUBSTANTIATED JACK HENRY & ASSOCIATES
523684,CORNERSTONE BANK,DEBIT,ENHANCED,US,ENHANCED CORNERSTONE BANK
523692,"FISERV SOLUTIONS, LLC",DEBIT,ENHANCED,US,"ENHANCED FISERV SOLUTIONS, LLC"
523704,COMENITY BANK,CREDIT,PLATINUM,US,PLATINUM COMENITY BANK
523754,HUNTINGTON NATIONAL BANK,CREDIT,PLATINUM,US,PLATINUM HUNTINGTON NATIONAL BANK
523762,U.S. BANK NATIONAL ASSOCIATION,CREDIT,PLATINUM,US,PLATINUM U.S. BANK NATIONAL ASSOCIATION
523773,"BOKF, NATIONAL ASSOCIATION",DEBIT,ENHANCED,US,"ENHANCED BOKF, NATIONAL ASSOCIATION"
523782,BARCLAYS BANK DELAWARE,CREDIT,PLATINUM,US,PLATINUM BARCLAYS BANK DELAWARE
523802,CIVISTA BANK,DEBIT,BUSINESS,US,BUSINESS CIVISTA BANK
523803,"SHAZAM, INC.",DEBIT,ENHANCED,US,"ENHANCED SHAZAM, INC."
523810,"SHAZAM, INC.",DEBIT,ENHANCED,US,"ENHANCED SHAZAM, INC."
523827,"SHAZAM, INC.",DEBIT,ENHANCED,US,"ENHANCED SHAZAM, INC."
523828,"SHAZAM, INC.",DEBIT,ENHANCED,US,"ENHANCED SHAZAM, INC."
523879,FIRST FEDERAL SAVINGS & LOAN ASSOCIATION OF LAKEWOOD,DEBIT,STANDARD,US,STANDARD FIRST FEDERAL SAVINGS & LOAN ASSOCIATION OF LAKEWOOD
523886,"SHAZAM, INC.",DEBIT,ENHANCED,US,"ENHANCED SHAZAM, INC."
523890,JACK HENRY & ASSOCIATES,DEBIT,ENHANCED,US,ENHANCED JACK HENRY & ASSOCIATES
523914,"CAPITAL ONE, NATIONAL ASSOCIATION",CREDIT,WORLD,US,"WORLD CAPITAL ONE, NATIONAL ASSOCIATION"
523957,FOUNDERS FEDERAL CREDIT UNION,DEBIT,ENHANCED,US,ENHANCED FOUNDERS FEDERAL CREDIT UNION
523986,"FISERV SOLUTIONS, LLC",DEBIT,ENHANCED,US,"ENHANCED FISERV SOLUTIONS, LLC"
524008,SYNCHRONY BANK,CREDIT,PLATINUM,US,PLATINUM SYNCHRONY BANK
524038,"CITIZENS BANK, N.A.",CREDIT,PLATINUM,US,"PLATINUM CITIZENS BANK, N.A."
524049,BARCLAYS BANK DELAWARE,CREDIT,PLATINUM,US,PLATINUM BARCLAYS BANK DELAWARE
524099,FIRST NATIONAL BANK OF OMAHA,CREDIT,PLATINUM,US,PLATINUM FIRST NATIONAL BANK OF OMAHA
524300,SYNCHRONY BANK,CREDIT,PLATINUM,US,PLATINUM SYNCHRONY BANK
524303,SYNCHRONY BANK,CREDIT,PLATINUM,US,PLATINUM SYNCHRONY BANK
524306,SYNCHRONY BANK,CREDIT,PLATINUM,US,PLATINUM SYNCHRONY BANK
524363,SYNCHRONY BANK,CREDIT,PLATINUM,US,PLATINUM SYNCHRONY BANK
524364,SYNCHRONY BANK,CREDIT,PLATINUM,US,PLATINUM SYNCHRONY BANK
524366,SYNCHRONY BANK,CREDIT,PLATINUM,US,PLATINUM SYNCHRONY BANK
524369,FORTERA FEDERAL CREDIT UNION,DEBIT,ENHANCED,US,ENHANCED FORTERA FEDERAL CREDIT UNION
524425,"SHAZAM, INC.",DEBIT,STANDARD,US,"STANDARD SHAZAM, INC."
524547,CITIZENS EQUITY FIRST CREDIT UNION,DEBIT,WORLD,US,WORLD CITIZENS EQUITY FIRST CREDIT UNION
524574,"FIFTH THIRD BANK, THE",DEBIT,ENHANCED,US,"ENHANCED FIFTH THIRD BANK, THE"
524605,"COMPUTER SERVICES, INC.",DEBIT,ENHANCED,US,"ENHANCED COMPUTER SERVICES, INC."
524741,"FIDELITY INFORMATION SERVICES, INC.",DEBIT,STANDARD,US,"STANDARD FIDELITY INFORMATION SERVICES, INC."
524758,"TRELLANCE, INC.",CREDIT,PLATINUM,US,"PLATINUM TRELLANCE, INC."
524760,EVANSVILLE TEACHERS FEDERAL CREDIT UNION,CREDIT,PLATINUM,US,PLATINUM EVANSVILLE TEACHERS FEDERAL CREDIT UNION
524866,SCHOOLSFIRST FEDERAL CREDIT UNION,CREDIT,PLATINUM,US,PLATINUM SCHOOLSFIRST FEDERAL CREDIT UNION
525334,RED CROWN FEDERAL CREDIT UNION,DEBIT,ENHANCED,US,ENHANCED RED CROWN FEDERAL CREDIT UNION
525362,"METABANK, NATIONAL ASSOCIATION",DEBIT,GIFT,US,"GIFT METABANK, NATIONAL ASSOCIATION"
525363,GOLDMAN SACHS BANK USA,CREDIT,WORLD ELITE,US,WORLD ELITE GOLDMAN SACHS BANK USA
525437,U.S. BANK NATIONAL ASSOCIATION,CREDIT,STANDARD,US,STANDARD U.S. BANK NATIONAL ASSOCIATION
525722,CREDIT UNION 1,CREDIT,GOLD,US,GOLD CREDIT UNION 1
525980,CIVISTA BANK,DEBIT,ENHANCED,US,ENHANCED CIVISTA BANK
526102,FIRST TECHNOLOGY FEDERAL CREDIT UNION,CREDIT,WORLD,US,WORLD FIRST TECHNOLOGY FEDERAL CREDIT UNION
526114,STATE EMPLOYEES FEDERAL CREDIT UNION,CREDIT,WORLD,US,WORLD STATE EMPLOYEES FEDERAL CREDIT UNION
526161,VANTAGE CREDIT UNION,DEBIT,ENHANCED,US,ENHANCED VANTAGE CREDIT UNION
526188,ALABAMA CREDIT UNION,DEBIT,STANDARD,US,STANDARD ALABAMA CREDIT UNION
526218,CITIBANK N.A.,DEBIT,STANDARD,US,STANDARD CITIBANK N.A.
526219,CITIBANK N.A.,DEBIT,STANDARD,US,STANDARD CITIBANK N.A.
526224,CITIBANK N.A.,DEBIT,STANDARD,US,STANDARD CITIBANK N.A.
526225,CITIBANK N.A.,DEBIT,STANDARD,US,STANDARD CITIBANK N.A.
526226,CITIBANK N.A.,DEBIT,STANDARD,US,STANDARD CITIBANK N.A.
526227,CITIBANK N.A.,DEBIT,STANDARD,US,STANDARD CITIBANK N.A.
526264,CU COOPERATIVE SYSTEMS,CREDIT,WORLD,US,WORLD CU COOPERATIVE SYSTEMS
526288,GTE FEDERAL CREDIT UNION,CREDIT,WORLD,US,WORLD GTE FEDERAL CREDIT UNION
526366,"SHAZAM, INC.",DEBIT,ENHANCED,US,"ENHANCED SHAZAM, INC."
526387,CHEVRON FEDERAL CREDIT UNION,DEBIT,STANDARD,US,STANDARD CHEVRON FEDERAL CREDIT UNION
526484,"VIRGINIA CREDIT UNION, INC.",CREDIT,PLATINUM,US,"PLATINUM VIRGINIA CREDIT UNION, INC."
526711,"SHAZAM, INC.",DEBIT,ENHANCED,US,"ENHANCED SHAZAM, INC."
526924,MIDLAND STATES BANK,DEBIT,ENHANCED,US,ENHANCED MIDLAND STATES BANK
526925,JACK HENRY & ASSOCIATES,DEBIT,ENHANCED,US,ENHANCED JACK HENRY & ASSOCIATES
526926,GOLDMAN SACHS BANK USA,CREDIT,WORLD ELITE,US,WORLD ELITE GOLDMAN SACHS BANK USA
526929,RANDOLPH BROOKS FEDERAL CREDIT UNION,DEBIT,ENHANCED,US,ENHANCED RANDOLPH BROOKS FEDERAL CREDIT UNION
526947,BMO HARRIS BANK N.A.,CREDIT,WORLD,US,WORLD BMO HARRIS BANK N.A.
527047,"FISERV SOLUTIONS, LLC",DEBIT,ENHANCED,US,"ENHANCED FISERV SOLUTIONS, LLC"
527060,PSCU INCORPORATED,DEBIT,ENHANCED,US,ENHANCED PSCU INCORPORATED
527089,802 CREDIT UNION,DEBIT,STANDARD,US,STANDARD 802 CREDIT UNION
527115,"FISERV SOLUTIONS, LLC",DEBIT,ENHANCED,US,"ENHANCED FISERV SOLUTIONS, LLC"
527215,NICOLET NATIONAL BANK,CREDIT,PLATINUM,US,PLATINUM NICOLET NATIONAL BANK
527218,"FISERV SOLUTIONS, LLC",DEBIT,ENHANCED,US,"ENHANCED FISERV SOLUTIONS, LLC"
527219,JACK HENRY & ASSOCIATES,DEBIT,STANDARD,US,STANDARD JACK HENRY & ASSOCIATES
527300,"COMPUTER SERVICES, INC.",DEBIT,ENHANCED,US,"ENHANCED COMPUTER SERVICES, INC."
527355,FIRST INTERSTATE BANK,CREDIT,PLATINUM,US,PLATINUM FIRST INTERSTATE BANK
527368,GREEN DOT BANK,DEBIT,PREPAID RELOADABLE,US,PREPAID RELOADABLE GREEN DOT BANK
527505,SECURITY SERVICE FEDERAL CREDIT UNION,DEBIT,ENHANCED,US,ENHANCED SECURITY SERVICE FEDERAL CREDIT UNION
527509,"FISERV SOLUTIONS, LLC",DEBIT,ENHANCED,US,"ENHANCED FISERV SOLUTIONS, LLC"
527515,"BANK OF AMERICA, NATIONAL ASSOCIATION",DEBIT,ENHANCED,US,"ENHANCED BANK OF AMERICA, NATIONAL ASSOCIATION"
527517,"BANK OF AMERICA, NATIONAL ASSOCIATION",DEBIT,ENHANCED,US,"ENHANCED BANK OF AMERICA, NATIONAL ASSOCIATION"
527519,"BANK OF AMERICA, NATIONAL ASSOCIATION",DEBIT,ENHANCED,US,"ENHANCED BANK OF AMERICA, NATIONAL ASSOCIATION"
527520,"BANK OF AMERICA, NATIONAL ASSOCIATION",DEBIT,ENHANCED,US,"ENHANCED BANK OF AMERICA, NATIONAL ASSOCIATION"
527521,"BANK OF AMERICA, NATIONAL ASSOCIATION",DEBIT,ENHANCED,US,"ENHANCED BANK OF AMERICA, NATIONAL ASSOCIATION"
527522,"BANK OF AMERICA, NATIONAL ASSOCIATION",DEBIT,ENHANCED,US,"ENHANCED BANK OF AMERICA, NATIONAL ASSOCIATION"
527664,TEXAS TRUST CREDIT UNION,CREDIT,PLATINUM,US,PLATINUM TEXAS TRUST CREDIT UNION
527690,GECU,DEBIT,ENHANCED,US,ENHANCED GECU
527772,DATA CENTER INCORPORATED,DEBIT,ENHANCED,US,ENHANCED DATA CENTER INCORPORATED
527812,"FISERV SOLUTIONS, LLC",DEBIT,BUSINESS,US,"BUSINESS FISERV SOLUTIONS, LLC"
527845,HUNTINGTON NATIONAL BANK,CREDIT,WORLD ELITE,US,WORLD ELITE HUNTINGTON NATIONAL BANK
527854,U.S. BANK NATIONAL ASSOCIATION,CREDIT,WORLD ELITE,US,WORLD ELITE U.S. BANK NATIONAL ASSOCIATION
528072,"BANK OF AMERICA, NATIONAL ASSOCIATION",CREDIT,WORLD,US,"WORLD BANK OF AMERICA, NATIONAL ASSOCIATION"
528143,JACK HENRY & ASSOCIATES,DEBIT,BUSINESS,US,BUSINESS JACK HENRY & ASSOCIATES
528149,SOUTH CAROLINA FEDERAL CREDIT UNION,DEBIT,ENHANCED,US,ENHANCED SOUTH CAROLINA FEDERAL CREDIT UNION
528215,"BOKF, NATIONAL ASSOCIATION",DEBIT,ENHANCED,US,"ENHANCED BOKF, NATIONAL ASSOCIATION"
528217,"FIFTH THIRD BANK, THE",DEBIT,ENHANCED,US,"ENHANCED FIFTH THIRD BANK, THE"
528281,BMO HARRIS BANK N.A.,CREDIT,STANDARD,US,STANDARD BMO HARRIS BANK N.A.
528424,SAVERS CO-OPERATIVE BANK,DEBIT,BUSINESS,US,BUSINESS SAVERS CO-OPERATIVE BANK
528432,CITIBANK N.A.,CREDIT,PLATINUM,US,PLATINUM CITIBANK N.A.
528445,DOVER FEDERAL CREDIT UNION,CREDIT,PLATINUM,US,PLATINUM DOVER FEDERAL CREDIT UNION
528546,CITIBANK N.A.,CREDIT,WORLD,US,WORLD CITIBANK N.A.
528556,"TIB, NATIONAL ASSOCIATION",CREDIT,WORLD,US,"WORLD TIB, NATIONAL ASSOCIATION"
528623,COMMUNITY CHOICE CREDIT UNION,CREDIT,PLATINUM,US,PLATINUM COMMUNITY CHOICE CREDIT UNION
528710,BUSEY BANK,DEBIT,ENHANCED,US,ENHANCED BUSEY BANK
528725,CITADEL FEDERAL CREDIT UNION,DEBIT,ENHANCED,US,ENHANCED CITADEL FEDERAL CREDIT UNION
528738,"FISERV SOLUTIONS, LLC",DEBIT,ENHANCED,US,"ENHANCED FISERV SOLUTIONS, LLC"
528740,BELL BANK,DEBIT,ENHANCED,US,ENHANCED BELL BANK
528783,"FISERV SOLUTIONS, LLC",DEBIT,BUSINESS,US,"BUSINESS FISERV SOLUTIONS, LLC"
528977,BANGOR SAVINGS BANK,DEBIT,BUSINESS,US,BUSINESS BANGOR SAVINGS BANK
529079,KEYBANK NATIONAL ASSOCIATION,CREDIT,STANDARD,US,STANDARD KEYBANK NATIONAL ASSOCIATION
529099,ALLY BANK,DEBIT,ENHANCED,US,ENHANCED ALLY BANK
529104,FORUM CREDIT UNION,DEBIT,STANDARD,US,STANDARD FORUM CREDIT UNION
529107,"CAPITAL ONE BANK (USA), NATIONAL ASSOCIATION",CREDIT,PLATINUM,US,"PLATINUM CAPITAL ONE BANK (USA), NATIONAL ASSOCIATION"
529110,BARCLAYS BANK DELAWARE,CREDIT,WORLD,US,WORLD BARCLAYS BANK DELAWARE
529115,"CAPITAL ONE BANK (USA), NATIONAL ASSOCIATION",CREDIT,PLATINUM,US,"PLATINUM CAPITAL ONE BANK (USA), NATIONAL ASSOCIATION"
529149,"CAPITAL ONE BANK (USA), NATIONAL ASSOCIATION",CREDIT,PLATINUM,US,"PLATINUM CAPITAL ONE BANK (USA), NATIONAL ASSOCIATION"
529172,"CAPITAL ONE BANK (USA), NATIONAL ASSOCIATION",CREDIT,WORLD,US,"WORLD CAPITAL ONE BANK (USA), NATIONAL ASSOCIATION"
529306,"FIFTH THIRD BANK, THE",CREDIT,PROFESSIONAL,US,"PROFESSIONAL FIFTH THIRD BANK, THE"
529368,"FISERV SOLUTIONS, LLC",DEBIT,BUSINESS,US,"BUSINESS FISERV SOLUTIONS, LLC"
529373,"CENTRAL TRUST BANK, THE",DEBIT,BUSINESS,US,"BUSINESS CENTRAL TRUST BANK, THE"
529393,RENASANT BANK,DEBIT,BUSINESS,US,BUSINESS RENASANT BANK
529580,EVOLVE BANK & TRUST,DEBIT,ENHANCED,US,ENHANCED EVOLVE BANK & TRUST
529712,BANCFIRST,DEBIT,BUSINESS,US,BUSINESS BANCFIRST
529727,SUNMARK CREDIT UNION,DEBIT,ENHANCED,US,ENHANCED SUNMARK CREDIT UNION
529730,"MERCHANTS BANK, NATIONAL ASSOCIATION",DEBIT,ENHANCED,US,"ENHANCED MERCHANTS BANK, NATIONAL ASSOCIATION"
529738,"FISERV SOLUTIONS, LLC",DEBIT,ENHANCED,US,"ENHANCED FISERV SOLUTIONS, LLC"
529788,DATA CENTER INCORPORATED,DEBIT,ENHANCED,US,ENHANCED DATA CENTER INCORPORATED
530004,"FISERV SOLUTIONS, LLC",DEBIT,ENHANCED,US,"ENHANCED FISERV SOLUTIONS, LLC"
530136,"ICBA BANCARD, INC.",DEBIT,ENHANCED,US,"ENHANCED ICBA BANCARD, INC."
530152,1ST ADVANTAGE FEDERAL CREDIT UNION,DEBIT,ENHANCED,US,ENHANCED 1ST ADVANTAGE FEDERAL CREDIT UNION
530286,WEPCO FEDERAL CREDIT UNION,DEBIT,ENHANCED,US,ENHANCED WEPCO FEDERAL CREDIT UNION
530329,DATA CENTER INCORPORATED,DEBIT,ENHANCED,US,ENHANCED DATA CENTER INCORPORATED
530345,"BANCORP BANK, THE",DEBIT,PREPAID WORKPLACE B2B,US,"PREPAID WORKPLACE B2B BANCORP BANK, THE"
530654,OLD NATIONAL BANK,DEBIT,BUSINESS,US,BUSINESS OLD NATIONAL BANK
530706,"METABANK, NATIONAL ASSOCIATION",DEBIT,PREPAID PAYROLL,US,"PREPAID PAYROLL METABANK, NATIONAL ASSOCIATION"
530802,"FISERV SOLUTIONS, LLC",DEBIT,ENHANCED,US,"ENHANCED FISERV SOLUTIONS, LLC"
530932,"FISERV SOLUTIONS, LLC",DEBIT,ENHANCED,US,"ENHANCED FISERV SOLUTIONS, LLC"
530997,"WELLS FARGO BANK, N.A.",CREDIT,WORLD,US,"WORLD WELLS FARGO BANK, N.A."
531061,"FISERV SOLUTIONS, LLC",DEBIT,ENHANCED,US,"ENHANCED FISERV SOLUTIONS, LLC"
531202,TOMPKINS COMMUNITY BANK,DEBIT,ENHANCED,US,ENHANCED TOMPKINS COMMUNITY BANK
531203,"FISERV SOLUTIONS, LLC",DEBIT,ENHANCED,US,"ENHANCED FISERV SOLUTIONS, LLC"
531257,"BANK OF AMERICA, NATIONAL ASSOCIATION",DEBIT,ENHANCED,US,"ENHANCED BANK OF AMERICA, NATIONAL ASSOCIATION"
531258,"BANK OF AMERICA, NATIONAL ASSOCIATION",DEBIT,ENHANCED,US,"ENHANCED BANK OF AMERICA, NATIONAL ASSOCIATION"
531259,"BANK OF AMERICA, NATIONAL ASSOCIATION",DEBIT,ENHANCED,US,"ENHANCED BANK OF AMERICA, NATIONAL ASSOCIATION"
531260,"BANK OF AMERICA, NATIONAL ASSOCIATION",DEBIT,ENHANCED,US,"ENHANCED BANK OF AMERICA, NATIONAL ASSOCIATION"
531262,"BANK OF AMERICA, NATIONAL ASSOCIATION",DEBIT,ENHANCED,US,"ENHANCED BANK OF AMERICA, NATIONAL ASSOCIATION"
531367,"PATRIOT BANK, NATIONAL ASSOCIATION",DEBIT,PREPAID WORKPLACE B2B,US,"PREPAID WORKPLACE B2B PATRIOT BANK, NATIONAL ASSOCIATION"
531481,FIRST NATIONAL BANK OF OMAHA,CREDIT,PLATINUM,US,PLATINUM FIRST NATIONAL BANK OF OMAHA
531815,COASTAL COMMUNITY BANK,CREDIT,PLATINUM,US,PLATINUM COASTAL COMMUNITY BANK
531816,PSCU INCORPORATED,CREDIT,PLATINUM,US,PLATINUM PSCU INCORPORATED
532030,FIRST STATE COMMUNITY BANK,DEBIT,ENHANCED,US,ENHANCED FIRST STATE COMMUNITY BANK
532069,CHEMUNG CANAL TRUST COMPANY,DEBIT,WORLD,US,WORLD CHEMUNG CANAL TRUST COMPANY
532104,COMENITY CAPITAL BANK,CREDIT,STANDARD,US,STANDARD COMENITY CAPITAL BANK
532152,"FISERV SOLUTIONS, LLC",DEBIT,ENHANCED,US,"ENHANCED FISERV SOLUTIONS, LLC"
532161,"FISERV SOLUTIONS, LLC",DEBIT,ENHANCED,US,"ENHANCED FISERV SOLUTIONS, LLC"
532205,UNITED COMMUNITY BANK,DEBIT,BUSINESS,US,BUSINESS UNITED COMMUNITY BANK
532211,FIRST ELECTRONIC BANK,CREDIT,PLATINUM,US,PLATINUM FIRST ELECTRONIC BANK
532231,PROSPERITY BANK,DEBIT,BUSINESS,US,BUSINESS PROSPERITY BANK
532254,"SANTANDER BANK, NA",DEBIT,BUSINESS,US,"BUSINESS SANTANDER BANK, NA"
532271,JACK HENRY & ASSOCIATES,DEBIT,BUSINESS,US,BUSINESS JACK HENRY & ASSOCIATES
532480,SOUTHERN BANK,DEBIT,STANDARD,US,STANDARD SOUTHERN BANK
532481,JACK HENRY & ASSOCIATES,DEBIT,STANDARD,US,STANDARD JACK HENRY & ASSOCIATES
532498,ENTERPRISE BANK & TRUST COMPANY,DEBIT,STANDARD,US,STANDARD ENTERPRISE BANK & TRUST COMPANY
532526,JACK HENRY & ASSOCIATES,DEBIT,STANDARD,US,STANDARD JACK HENRY & ASSOCIATES
532528,"FISERV TRANSACTION SERVICES, LLC",DEBIT,STANDARD,US,"STANDARD FISERV TRANSACTION SERVICES, LLC"
532530,"FISERV SOLUTIONS, LLC",DEBIT,STANDARD,US,"STANDARD FISERV SOLUTIONS, LLC"
532545,"CNB BANK AND TRUST, NATIONAL ASSOCIATION",DEBIT,ENHANCED,US,"ENHANCED CNB BANK AND TRUST, NATIONAL ASSOCIATION"
532562,"FISERV TRANSACTION SERVICES, LLC",DEBIT,STANDARD,US,"STANDARD FISERV TRANSACTION SERVICES, LLC"
532568,PEOPLE'S UNITED BANK,DEBIT,STANDARD,US,STANDARD PEOPLE'S UNITED BANK
532569,STERLING NATIONAL BANK,DEBIT,ENHANCED,US,ENHANCED STERLING NATIONAL BANK
532624,"ICBA BANCARD, INC.",DEBIT,ENHANCED,US,"ENHANCED ICBA BANCARD, INC."
532839,"CAPITAL ONE BANK (USA), NATIONAL ASSOCIATION",CREDIT,PLATINUM,US,"PLATINUM CAPITAL ONE BANK (USA), NATIONAL ASSOCIATION"
532901,"BANK OF AMERICA, NATIONAL ASSOCIATION",CREDIT,STANDARD,US,"STANDARD BANK OF AMERICA, NATIONAL ASSOCIATION"
532902,"BANK OF AMERICA, NATIONAL ASSOCIATION",CREDIT,STANDARD,US,"STANDARD BANK OF AMERICA, NATIONAL ASSOCIATION"
532905,"BANK OF AMERICA, NATIONAL ASSOCIATION",CREDIT,STANDARD,US,"STANDARD BANK OF AMERICA, NATIONAL ASSOCIATION"
532906,"BANK OF AMERICA, NATIONAL ASSOCIATION",CREDIT,STANDARD,US,"STANDARD BANK OF AMERICA, NATIONAL ASSOCIATION"
532914,KEYBANK NATIONAL ASSOCIATION,CREDIT,PLATINUM,US,PLATINUM KEYBANK NATIONAL ASSOCIATION
533098,BAR HARBOR BANK & TRUST COMPANY,DEBIT,ENHANCED,US,ENHANCED BAR HARBOR BANK & TRUST COMPANY
533101,"BREMER BANK, N.A.",DEBIT,WORLD,US,"WORLD BREMER BANK, N.A."
533111,HUNTINGTON NATIONAL BANK,DEBIT,WORLD,US,WORLD HUNTINGTON NATIONAL BANK
533248,COMERICA BANK,DEBIT,PREPAID GOVERNMENT,US,PREPAID GOVERNMENT COMERICA BANK
533267,STOCK YARDS BANK & TRUST COMPANY,DEBIT,ENHANCED,US,ENHANCED STOCK YARDS BANK & TRUST COMPANY
533365,"FIFTH THIRD BANK, THE",DEBIT,ENHANCED,US,"ENHANCED FIFTH THIRD BANK, THE"
533387,PSCU INCORPORATED,DEBIT,ENHANCED,US,ENHANCED PSCU INCORPORATED
533470,"SHAZAM, INC.",DEBIT,ENHANCED,US,"ENHANCED SHAZAM, INC."
533476,"SHAZAM, INC.",DEBIT,ENHANCED,US,"ENHANCED SHAZAM, INC."
533561,FIRST ELECTRONIC BANK,CREDIT,PLATINUM,US,PLATINUM FIRST ELECTRONIC BANK
533743,"COMPUTER SERVICES, INC.",DEBIT,ENHANCED,US,"ENHANCED COMPUTER SERVICES, INC."
533998,JACK HENRY & ASSOCIATES,DEBIT,BUSINESS,US,BUSINESS JACK HENRY & ASSOCIATES
534079,DATA CENTER INCORPORATED,DEBIT,ENHANCED,US,ENHANCED DATA CENTER INCORPORATED
534169,"FISERV SOLUTIONS, LLC",DEBIT,ENHANCED,US,"ENHANCED FISERV SOLUTIONS, LLC"
534305,REPUBLIC BANK & TRUST COMPANY,DEBIT,ENHANCED,US,ENHANCED REPUBLIC BANK & TRUST COMPANY
534348,CELTIC BANK CORPORATION,CREDIT,PLATINUM,US,PLATINUM CELTIC BANK CORPORATION
534354,DUPONT COMMUNITY CREDIT UNION,DEBIT,ENHANCED,US,ENHANCED DUPONT COMMUNITY CREDIT UNION
534466,"VIRGINIA CREDIT UNION, INC.",CREDIT,PLATINUM,US,"PLATINUM VIRGINIA CREDIT UNION, INC."
534478,"FISERV SOLUTIONS, LLC",DEBIT,ENHANCED,US,"ENHANCED FISERV SOLUTIONS, LLC"
534482,BANK FIVE NINE,DEBIT,ENHANCED,US,ENHANCED BANK FIVE NINE
534522,"FISERV SOLUTIONS, LLC",DEBIT,ENHANCED,US,"ENHANCED FISERV SOLUTIONS, LLC"
534636,CELTIC BANK CORPORATION,CREDIT,STANDARD,US,STANDARD CELTIC BANK CORPORATION
534740,HUNTINGTON NATIONAL BANK,DEBIT,BUSINESS,US,BUSINESS HUNTINGTON NATIONAL BANK
534751,"FISERV SOLUTIONS, LLC",DEBIT,BUSINESS,US,"BUSINESS FISERV SOLUTIONS, LLC"
534756,"SANTANDER BANK, NA",DEBIT,WORLD,US,"WORLD SANTANDER BANK, NA"
534831,"BOKF, NATIONAL ASSOCIATION",DEBIT,ENHANCED,US,"ENHANCED BOKF, NATIONAL ASSOCIATION"
534851,"LAKE FOREST BANK & TRUST COMPANY, N.A.",DEBIT,BUSINESS,US,"BUSINESS LAKE FOREST BANK & TRUST COMPANY, N.A."
534858,"BANK OF AMERICA, NATIONAL ASSOCIATION",DEBIT,BUSINESS,US,"BUSINESS BANK OF AMERICA, NATIONAL ASSOCIATION"
534859,"BANK OF AMERICA, NATIONAL ASSOCIATION",DEBIT,BUSINESS,US,"BUSINESS BANK OF AMERICA, NATIONAL ASSOCIATION"
534869,"BANK OF AMERICA, NATIONAL ASSOCIATION",DEBIT,BUSINESS,US,"BUSINESS BANK OF AMERICA, NATIONAL ASSOCIATION"
534871,"BANK OF AMERICA, NATIONAL ASSOCIATION",DEBIT,BUSINESS,US,"BUSINESS BANK OF AMERICA, NATIONAL ASSOCIATION"
534901,FARMERS NATIONAL BANK OF CANFIELD,DEBIT,ENHANCED,US,ENHANCED FARMERS NATIONAL BANK OF CANFIELD
535041,DUPONT COMMUNITY CREDIT UNION,DEBIT,ENHANCED,US,ENHANCED DUPONT COMMUNITY CREDIT UNION
535824,FIRST NATIONAL BANK OF OMAHA,CREDIT,PLATINUM,US,PLATINUM FIRST NATIONAL BANK OF OMAHA
535885,U.S. BANK NATIONAL ASSOCIATION,CREDIT,WORLD ELITE,US,WORLD ELITE U.S. BANK NATIONAL ASSOCIATION
535973,GREENSTATE CREDIT UNION,DEBIT,BUSINESS,US,BUSINESS GREENSTATE CREDIT UNION
535986,FIRST COMMONWEALTH BANK,DEBIT,WORLD,US,WORLD FIRST COMMONWEALTH BANK
536000,GREENSTATE CREDIT UNION,DEBIT,WORLD,US,WORLD GREENSTATE CREDIT UNION
536013,"VIRGINIA CREDIT UNION, INC.",DEBIT,ENHANCED,US,"ENHANCED VIRGINIA CREDIT UNION, INC."
536042,PSCU INCORPORATED,DEBIT,ENHANCED,US,ENHANCED PSCU INCORPORATED
536067,"FISERV SOLUTIONS, LLC",DEBIT,STANDARD,US,"STANDARD FISERV SOLUTIONS, LLC"
536075,"FIDELITY INFORMATION SERVICES, INC.",DEBIT,ENHANCED,US,"ENHANCED FIDELITY INFORMATION SERVICES, INC."
536078,"FISERV SOLUTIONS, LLC",DEBIT,STANDARD,US,"STANDARD FISERV SOLUTIONS, LLC"
536092,"BANK OF MISSOURI, THE",CREDIT,STANDARD,US,"STANDARD BANK OF MISSOURI, THE"
536104,"BOKF, NATIONAL ASSOCIATION",DEBIT,ENHANCED,US,"ENHANCED BOKF, NATIONAL ASSOCIATION"
536116,"FISERV SOLUTIONS, LLC",DEBIT,ENHANCED,US,"ENHANCED FISERV SOLUTIONS, LLC"
536121,CITIZENS EQUITY FIRST CREDIT UNION,CREDIT,PLATINUM,US,PLATINUM CITIZENS EQUITY FIRST CREDIT UNION
536182,JACK HENRY & ASSOCIATES,DEBIT,ENHANCED,US,ENHANCED JACK HENRY & ASSOCIATES
536192,ION BANK,DEBIT,ENHANCED,US,ENHANCED ION BANK
536284,BANNER BANK,CREDIT,WORLD,US,WORLD BANNER BANK
536291,EMPOWER FEDERAL CREDIT UNION,CREDIT,WORLD,US,WORLD EMPOWER FEDERAL CREDIT UNION
536431,"FIDELITY INFORMATION SERVICES, INC.",DEBIT,ENHANCED,US,"ENHANCED FIDELITY INFORMATION SERVICES, INC."
536443,U.S. BANK NATIONAL ASSOCIATION,CREDIT,WORLD ELITE FOR BUSINESS,US,WORLD ELITE FOR BUSINESS U.S. BANK NATIONAL ASSOCIATION
536592,"FIDELITY INFORMATION SERVICES, INC.",DEBIT,ENHANCED,US,"ENHANCED FIDELITY INFORMATION SERVICES, INC."
536603,JACK HENRY & ASSOCIATES,DEBIT,ENHANCED,US,ENHANCED JACK HENRY & ASSOCIATES
536606,"FISERV SOLUTIONS, LLC",DEBIT,ENHANCED,US,"ENHANCED FISERV SOLUTIONS, LLC"
536690,FIRST MERCHANTS BANK,DEBIT,BUSINESS,US,BUSINESS FIRST MERCHANTS BANK
536713,"FISERV SOLUTIONS, LLC",DEBIT,BUSINESS,US,"BUSINESS FISERV SOLUTIONS, LLC"
536716,CU COOPERATIVE SYSTEMS,DEBIT,ENHANCED,US,ENHANCED CU COOPERATIVE SYSTEMS
536720,"FIFTH THIRD BANK, THE",DEBIT,ENHANCED,US,"ENHANCED FIFTH THIRD BANK, THE"
536751,JACK HENRY & ASSOCIATES,DEBIT,ENHANCED,US,ENHANCED JACK HENRY & ASSOCIATES
536759,FIRST MERCHANTS BANK,DEBIT,ENHANCED,US,ENHANCED FIRST MERCHANTS BANK
536764,"FIDELITY INFORMATION SERVICES, INC.",DEBIT,STANDARD,US,"STANDARD FIDELITY INFORMATION SERVICES, INC."
536809,FIRST NATIONAL BANK OF OMAHA,CREDIT,PLATINUM,US,PLATINUM FIRST NATIONAL BANK OF OMAHA
536817,COMENITY CAPITAL BANK,CREDIT,PLATINUM,US,PLATINUM COMENITY CAPITAL BANK
536874,CU COOPERATIVE SYSTEMS,DEBIT,ENHANCED,US,ENHANCED CU COOPERATIVE SYSTEMS
536875,ALLIANCE BANK,DEBIT,ENHANCED,US,ENHANCED ALLIANCE BANK
536904,"FIDELITY INFORMATION SERVICES, INC.",DEBIT,STANDARD,US,"STANDARD FIDELITY INFORMATION SERVICES, INC."
537146,ULSTER SAVINGS BANK,DEBIT,ENHANCED,US,ENHANCED ULSTER SAVINGS BANK
537177,"LAKE FOREST BANK & TRUST COMPANY, N.A.",DEBIT,ENHANCED,US,"ENHANCED LAKE FOREST BANK & TRUST COMPANY, N.A."
537800,BARCLAYS BANK DELAWARE,CREDIT,WORLD ELITE,US,WORLD ELITE BARCLAYS BANK DELAWARE
537802,BARCLAYS BANK DELAWARE,CREDIT,WORLD ELITE,US,WORLD ELITE BARCLAYS BANK DELAWARE
537811,BARCLAYS BANK DELAWARE,CREDIT,WORLD ELITE,US,WORLD ELITE BARCLAYS BANK DELAWARE
537924,"FIDELITY INFORMATION SERVICES, INC.",DEBIT,BUSINESS,US,"BUSINESS FIDELITY INFORMATION SERVICES, INC."
537993,"BANK OF MISSOURI, THE",CREDIT,PLATINUM,US,"PLATINUM BANK OF MISSOURI, THE"
538050,"FISERV SOLUTIONS, LLC",DEBIT,ENHANCED,US,"ENHANCED FISERV SOLUTIONS, LLC"
538059,CU COOPERATIVE SYSTEMS,DEBIT,ENHANCED,US,ENHANCED CU COOPERATIVE SYSTEMS
538062,"FISERV SOLUTIONS, LLC",DEBIT,ENHANCED,US,"ENHANCED FISERV SOLUTIONS, LLC"
538069,CU COOPERATIVE SYSTEMS,DEBIT,ENHANCED,US,ENHANCED CU COOPERATIVE SYSTEMS
538082,CU COOPERATIVE SYSTEMS,DEBIT,ENHANCED,US,ENHANCED CU COOPERATIVE SYSTEMS
538130,EMBERS CREDIT UNION,CREDIT,PLATINUM,US,PLATINUM EMBERS CREDIT UNION
538142,JACK HENRY & ASSOCIATES,DEBIT,BUSINESS,US,BUSINESS JACK HENRY & ASSOCIATES
538973,BAYPORT CREDIT UNION,CREDIT,PLATINUM,US,PLATINUM BAYPORT CREDIT UNION
539046,"BANK OF MISSOURI, THE",CREDIT,PLATINUM,US,"PLATINUM BANK OF MISSOURI, THE"
539126,"FISERV SOLUTIONS, LLC",DEBIT,STANDARD,US,"STANDARD FISERV SOLUTIONS, LLC"
539164,"FISERV SOLUTIONS, LLC",DEBIT,ENHANCED,US,"ENHANCED FISERV SOLUTIONS, LLC"
539183,"FISERV SOLUTIONS, LLC",DEBIT,ENHANCED,US,"ENHANCED FISERV SOLUTIONS, LLC"
539242,THREE RIVERS FEDERAL CREDIT UNION,CREDIT,PLATINUM,US,PLATINUM THREE RIVERS FEDERAL CREDIT UNION
539277,"CAPITAL ONE, NATIONAL ASSOCIATION",CREDIT,WORLD ELITE,US,"WORLD ELITE CAPITAL ONE, NATIONAL ASSOCIATION"
539430,FIRST COMMONWEALTH BANK,DEBIT,STANDARD,US,STANDARD FIRST COMMONWEALTH BANK
539542,DATA CENTER INCORPORATED,DEBIT,ENHANCED,US,ENHANCED DATA CENTER INCORPORATED
539655,CITIBANK N.A.,CREDIT,MIXED PRODUCT,US,MIXED PRODUCT CITIBANK N.A.
539689,COASTAL COMMUNITY BANK,DEBIT,ENHANCED,US,ENHANCED COASTAL COMMUNITY BANK
539773,CORNERSTONE BANK,DEBIT,ENHANCED,US,ENHANCED CORNERSTONE BANK
539802,DATA CENTER INCORPORATED,DEBIT,ENHANCED,US,ENHANCED DATA CENTER INCORPORATED
539842,CITIBANK N.A.,CREDIT,MIXED PRODUCT,US,MIXED PRODUCT CITIBANK N.A.
539870,CITIBANK N.A.,CREDIT,MIXED PRODUCT,US,MIXED PRODUCT CITIBANK N.A.
539880,CITIBANK N.A.,CREDIT,MIXED PRODUCT,US,MIXED PRODUCT CITIBANK N.A.
539882,CITIBANK N.A.,CREDIT,MIXED PRODUCT,US,MIXED PRODUCT CITIBANK N.A.
540168,"CHASE BANK USA, N.A.",CREDIT,MIXED PRODUCT,US,"MIXED PRODUCT CHASE BANK USA, N.A."
540315,FINANCIAL PARTNERS CREDIT UNION,DEBIT,ENHANCED,US,ENHANCED FINANCIAL PARTNERS CREDIT UNION
540317,"FISERV SOLUTIONS, LLC",DEBIT,STANDARD,US,"STANDARD FISERV SOLUTIONS, LLC"
540324,BANK OF THE WEST,DEBIT,ENHANCED,US,ENHANCED BANK OF THE WEST
540347,"BOKF, NATIONAL ASSOCIATION",DEBIT,STANDARD,US,"STANDARD BOKF, NATIONAL ASSOCIATION"
540360,"FISERV SOLUTIONS, LLC",DEBIT,ENHANCED,US,"ENHANCED FISERV SOLUTIONS, LLC"
540653,TRUSTMARK NATIONAL BANK,DEBIT,ENHANCED,US,ENHANCED TRUSTMARK NATIONAL BANK
540707,"CAPITAL ONE, NATIONAL ASSOCIATION",CREDIT,PLATINUM,US,"PLATINUM CAPITAL ONE, NATIONAL ASSOCIATION"
540724,CREDIT UNION OF DENVER,DEBIT,ENHANCED,US,ENHANCED CREDIT UNION OF DENVER
540789,GOLDMAN SACHS BANK USA,CREDIT,WORLD ELITE,US,WORLD ELITE GOLDMAN SACHS BANK USA
540791,"CAPITAL ONE BANK (USA), NATIONAL ASSOCIATION",CREDIT,PLATINUM,US,"PLATINUM CAPITAL ONE BANK (USA), NATIONAL ASSOCIATION"
540800,"TRUIST BANKS, INC.",CREDIT,GOLD,US,"GOLD TRUIST BANKS, INC."
540801,"CAPITAL ONE BANK (USA), NATIONAL ASSOCIATION",CREDIT,PLATINUM,US,"PLATINUM CAPITAL ONE BANK (USA), NATIONAL ASSOCIATION"
541009,PSCU INCORPORATED,CREDIT,PLATINUM,US,PLATINUM PSCU INCORPORATED
541051,"BANK OF MISSOURI, THE",CREDIT,GOLD,US,"GOLD BANK OF MISSOURI, THE"
541065,CITIBANK N.A.,CREDIT,MIXED PRODUCT,US,MIXED PRODUCT CITIBANK N.A.
541071,"SANTANDER BANK, NA",CREDIT,WORLD,US,"WORLD SANTANDER BANK, NA"
541111,FIRST NATIONAL BANK OF OMAHA,CREDIT,PLATINUM,US,PLATINUM FIRST NATIONAL BANK OF OMAHA
541117,FIRST NATIONAL BANK OF OMAHA,CREDIT,PLATINUM,US,PLATINUM FIRST NATIONAL BANK OF OMAHA
541660,"BANK OF AMERICA, NATIONAL ASSOCIATION",DEBIT,ENHANCED,US,"ENHANCED BANK OF AMERICA, NATIONAL ASSOCIATION"
541879,JACK HENRY & ASSOCIATES,DEBIT,STANDARD,US,STANDARD JACK HENRY & ASSOCIATES
541887,CITIBANK N.A.,CREDIT,MIXED PRODUCT,US,MIXED PRODUCT CITIBANK N.A.
541931,CITIBANK N.A.,CREDIT,MIXED PRODUCT,US,MIXED PRODUCT CITIBANK N.A.
542000,PSCU INCORPORATED,DEBIT,ENHANCED,US,ENHANCED PSCU INCORPORATED
542256,"TRELLANCE, INC.",CREDIT,STANDARD,US,"STANDARD TRELLANCE, INC."
542345,DUPONT COMMUNITY CREDIT UNION,CREDIT,PLATINUM,US,PLATINUM DUPONT COMMUNITY CREDIT UNION
542372,HUNTINGTON NATIONAL BANK,CREDIT,STANDARD,US,STANDARD HUNTINGTON NATIONAL BANK
542418,CITIBANK N.A.,CREDIT,PLATINUM,US,PLATINUM CITIBANK N.A.
542432,"FIFTH THIRD BANK, THE",DEBIT,ENHANCED,US,"ENHANCED FIFTH THIRD BANK, THE"
542518,PACIFIC WESTERN BANK,DEBIT,PREPAID,US,PREPAID PACIFIC WESTERN BANK
542539,MERRICK BANK CORPORATION,CREDIT,PLATINUM,US,PLATINUM MERRICK BANK CORPORATION
542543,"BANCORP BANK, THE",DEBIT,WORLD,US,"WORLD BANCORP BANK, THE"
542784,"BANK OF MISSOURI, THE",CREDIT,STANDARD,US,"STANDARD BANK OF MISSOURI, THE"
542885,"FISERV SOLUTIONS, LLC",DEBIT,ENHANCED,US,"ENHANCED FISERV SOLUTIONS, LLC"
542928,"FISERV SOLUTIONS, LLC",DEBIT,ENHANCED,US,"ENHANCED FISERV SOLUTIONS, LLC"
543042,MINNESOTA VALLEY FEDERAL CREDIT UNION,DEBIT,PREPAID RELOADABLE,US,PREPAID RELOADABLE MINNESOTA VALLEY FEDERAL CREDIT UNION
543069,"FIFTH THIRD BANK, THE",CREDIT,STANDARD,US,"STANDARD FIFTH THIRD BANK, THE"
543115,SOMERSET TRUST COMPANY,CREDIT,STANDARD,US,STANDARD SOMERSET TRUST COMPANY
543229,PEOPLES SECURITY BANK AND TRUST COMPANY,DEBIT,STANDARD,US,STANDARD PEOPLES SECURITY BANK AND TRUST COMPANY
543243,"FIDELITY INFORMATION SERVICES, INC.",DEBIT,ENHANCED,US,"ENHANCED FIDELITY INFORMATION SERVICES, INC."
543668,CORTRUST BANK NATIONAL ASSOCIATION,CREDIT,STANDARD,US,STANDARD CORTRUST BANK NATIONAL ASSOCIATION
543700,GOLDMAN SACHS BANK USA,CREDIT,WORLD ELITE,US,WORLD ELITE GOLDMAN SACHS BANK USA
543701,GOLDMAN SACHS BANK USA,CREDIT,WORLD ELITE,US,WORLD ELITE GOLDMAN SACHS BANK USA
543703,GOLDMAN SACHS BANK USA,CREDIT,WORLD ELITE,US,WORLD ELITE GOLDMAN SACHS BANK USA
544045,"CAPITAL ONE BANK (USA), NATIONAL ASSOCIATION",CREDIT,PLATINUM,US,"PLATINUM CAPITAL ONE BANK (USA), NATIONAL ASSOCIATION"
544061,"FISERV SOLUTIONS, LLC",DEBIT,ENHANCED,US,"ENHANCED FISERV SOLUTIONS, LLC"
544183,"CENTRAL TRUST BANK, THE",CREDIT,GOLD,US,"GOLD CENTRAL TRUST BANK, THE"
544319,HUNTINGTON NATIONAL BANK,CREDIT,GOLD,US,GOLD HUNTINGTON NATIONAL BANK
544342,INTOUCH CREDIT UNION,DEBIT,ENHANCED,US,ENHANCED INTOUCH CREDIT UNION
544348,REV FEDERAL CREDIT UNION,DEBIT,STANDARD,US,STANDARD REV FEDERAL CREDIT UNION
544400,"FIFTH THIRD BANK, THE",CREDIT,PLATINUM,US,"PLATINUM FIFTH THIRD BANK, THE"
544430,"FIFTH THIRD BANK, THE",CREDIT,WORLD,US,"WORLD FIFTH THIRD BANK, THE"
544448,BOEING EMPLOYEES CREDIT UNION,DEBIT,ENHANCED,US,ENHANCED BOEING EMPLOYEES CREDIT UNION
544489,"FIFTH THIRD BANK, THE",DEBIT,ENHANCED,US,"ENHANCED FIFTH THIRD BANK, THE"
544544,"SUNRISE BANKS, NATIONAL ASSOCIATION",DEBIT,PREPAID,US,"PREPAID SUNRISE BANKS, NATIONAL ASSOCIATION"
544579,UNITED COMMUNITY BANK,DEBIT,ENHANCED,US,ENHANCED UNITED COMMUNITY BANK
544582,FORUM CREDIT UNION,DEBIT,ENHANCED,US,ENHANCED FORUM CREDIT UNION
544632,FIRST FARMERS BANK & TRUST,DEBIT,ENHANCED,US,ENHANCED FIRST FARMERS BANK & TRUST
544658,"ICBA BANCARD, INC.",DEBIT,STANDARD,US,"STANDARD ICBA BANCARD, INC."
544664,COMMUNITY BANK OF THE CHESAPEAKE,CREDIT,PLATINUM,US,PLATINUM COMMUNITY BANK OF THE CHESAPEAKE
544712,CU COOPERATIVE SYSTEMS,DEBIT,STANDARD,US,STANDARD CU COOPERATIVE SYSTEMS
544755,"FISERV SOLUTIONS, LLC",DEBIT,ENHANCED,US,"ENHANCED FISERV SOLUTIONS, LLC"
544768,"METABANK, NATIONAL ASSOCIATION",DEBIT,PREPAID,US,"PREPAID METABANK, NATIONAL ASSOCIATION"
544799,UNIVEST BANK AND TRUST CO.,DEBIT,ENHANCED,US,ENHANCED UNIVEST BANK AND TRUST CO.
544856,GREEN DOT BANK,DEBIT,PREPAID RELOADABLE,US,PREPAID RELOADABLE GREEN DOT BANK
544927,KEYBANK NATIONAL ASSOCIATION,DEBIT,ENHANCED,US,ENHANCED KEYBANK NATIONAL ASSOCIATION
544928,KEYBANK NATIONAL ASSOCIATION,DEBIT,ENHANCED,US,ENHANCED KEYBANK NATIONAL ASSOCIATION
544946,"FIDELITY INFORMATION SERVICES, INC.",DEBIT,ENHANCED,US,"ENHANCED FIDELITY INFORMATION SERVICES, INC."
544951,INDIANA MEMBERS CREDIT UNION,DEBIT,STANDARD,US,STANDARD INDIANA MEMBERS CREDIT UNION
545210,BARCLAYS BANK DELAWARE,CREDIT,WORLD,US,WORLD BARCLAYS BANK DELAWARE
545236,BARCLAYS BANK DELAWARE,CREDIT,WORLD,US,WORLD BARCLAYS BANK DELAWARE
545237,BARCLAYS BANK DELAWARE,CREDIT,WORLD,US,WORLD BARCLAYS BANK DELAWARE
545238,BARCLAYS BANK DELAWARE,CREDIT,WORLD,US,WORLD BARCLAYS BANK DELAWARE
545313,"FIDELITY INFORMATION SERVICES, INC.",DEBIT,STANDARD,US,"STANDARD FIDELITY INFORMATION SERVICES, INC."
545426,STARION BANK,CREDIT,PLATINUM,US,PLATINUM STARION BANK
545432,PSCU INCORPORATED,DEBIT,ENHANCED,US,ENHANCED PSCU INCORPORATED
545436,OLD SECOND NATIONAL BANK,DEBIT,ENHANCED,US,ENHANCED OLD SECOND NATIONAL BANK
545443,"FIDELITY INFORMATION SERVICES, INC.",DEBIT,ENHANCED,US,"ENHANCED FIDELITY INFORMATION SERVICES, INC."
545448,BAYPORT CREDIT UNION,DEBIT,ENHANCED,US,ENHANCED BAYPORT CREDIT UNION
545468,HEARTHSIDE BANK,DEBIT,ENHANCED,US,ENHANCED HEARTHSIDE BANK
545471,DATA CENTER INCORPORATED,DEBIT,STANDARD,US,STANDARD DATA CENTER INCORPORATED
545493,MARQUETTE BANK,DEBIT,STANDARD,US,STANDARD MARQUETTE BANK
545510,CADENCE BANK,DEBIT,STANDARD,US,STANDARD CADENCE BANK
545534,"CAPITAL ONE BANK (USA), NATIONAL ASSOCIATION",DEBIT,ENHANCED,US,"ENHANCED CAPITAL ONE BANK (USA), NATIONAL ASSOCIATION"
545565,"FISERV SOLUTIONS, LLC",DEBIT,STANDARD,US,"STANDARD FISERV SOLUTIONS, LLC"
545576,BAR HARBOR BANK & TRUST COMPANY,DEBIT,ENHANCED,US,ENHANCED BAR HARBOR BANK & TRUST COMPANY
545584,"FIFTH THIRD BANK, THE",DEBIT,ENHANCED,US,"ENHANCED FIFTH THIRD BANK, THE"
545615,CLAREMONT SAVINGS BANK,DEBIT,ENHANCED,US,ENHANCED CLAREMONT SAVINGS BANK
545669,1ST SOURCE BANK,DEBIT,ENHANCED,US,ENHANCED 1ST SOURCE BANK
545750,"FISERV SOLUTIONS, LLC",DEBIT,STANDARD,US,"STANDARD FISERV SOLUTIONS, LLC"
545800,"CAPITAL ONE BANK (USA), NATIONAL ASSOCIATION",CREDIT,PLATINUM,US,"PLATINUM CAPITAL ONE BANK (USA), NATIONAL ASSOCIATION"
545809,PSCU INCORPORATED,DEBIT,ENHANCED,US,ENHANCED PSCU INCORPORATED
545845,"FISERV SOLUTIONS, LLC",DEBIT,STANDARD,US,"STANDARD FISERV SOLUTIONS, LLC"
545867,"FIFTH THIRD BANK, THE",DEBIT,STANDARD,US,"STANDARD FIFTH THIRD BANK, THE"
545877,"FIFTH THIRD BANK, THE",DEBIT,ENHANCED,US,"ENHANCED FIFTH THIRD BANK, THE"
545918,FIRST AMERICAN BANK,DEBIT,STANDARD,US,STANDARD FIRST AMERICAN BANK
545955,MASCOMA BANK,DEBIT,STANDARD,US,STANDARD MASCOMA BANK
545958,BMO HARRIS BANK N.A.,DEBIT,ENHANCED,US,ENHANCED BMO HARRIS BANK N.A.
545961,KENNEBUNK SAVINGS BANK,DEBIT,STANDARD,US,STANDARD KENNEBUNK SAVINGS BANK
545965,LIBERTY BANK,DEBIT,ENHANCED,US,ENHANCED LIBERTY BANK
545981,PEOPLES BANK,DEBIT,ENHANCED,US,ENHANCED PEOPLES BANK
546041,CROSSROADS BANK,DEBIT,ENHANCED,US,ENHANCED CROSSROADS BANK
546060,"FIDELITY INFORMATION SERVICES, INC.",DEBIT,STANDARD,US,"STANDARD FIDELITY INFORMATION SERVICES, INC."
546081,NODAWAY VALLEY BANK,DEBIT,ENHANCED,US,ENHANCED NODAWAY VALLEY BANK
546116,JACK HENRY & ASSOCIATES,DEBIT,ENHANCED,US,ENHANCED JACK HENRY & ASSOCIATES
546143,CINFED FEDERAL CREDIT UNION,DEBIT,ENHANCED,US,ENHANCED CINFED FEDERAL CREDIT UNION
546162,LAKE TRUST CREDIT UNION,DEBIT,ENHANCED,US,ENHANCED LAKE TRUST CREDIT UNION
546164,CFCU COMMUNITY CREDIT UNION,DEBIT,STANDARD,US,STANDARD CFCU COMMUNITY CREDIT UNION
546174,"FIFTH THIRD BANK, THE",DEBIT,ENHANCED,US,"ENHANCED FIFTH THIRD BANK, THE"
546183,"FISERV SOLUTIONS, LLC",DEBIT,STANDARD,US,"STANDARD FISERV SOLUTIONS, LLC"
546188,UNION BANK,DEBIT,ENHANCED,US,ENHANCED UNION BANK
546191,BYLINE BANK,DEBIT,STANDARD,US,STANDARD BYLINE BANK
546193,SALISBURY BANK & TRUST COMPANY,DEBIT,STANDARD,US,STANDARD SALISBURY BANK & TRUST COMPANY
546197,PARK FEDERAL CREDIT UNION,DEBIT,ENHANCED,US,ENHANCED PARK FEDERAL CREDIT UNION
546199,"FIDELITY INFORMATION SERVICES, INC.",DEBIT,STANDARD,US,"STANDARD FIDELITY INFORMATION SERVICES, INC."
546208,FIRST NATIONAL BANK ALASKA,DEBIT,ENHANCED,US,ENHANCED FIRST NATIONAL BANK ALASKA
546219,"FISERV SOLUTIONS, LLC",DEBIT,STANDARD,US,"STANDARD FISERV SOLUTIONS, LLC"
546221,PEOPLES BANK,DEBIT,STANDARD,US,STANDARD PEOPLES BANK
546222,JACK HENRY & ASSOCIATES,DEBIT,ENHANCED,US,ENHANCED JACK HENRY & ASSOCIATES
546234,JACK HENRY & ASSOCIATES,DEBIT,STANDARD,US,STANDARD JACK HENRY & ASSOCIATES
546236,JACK HENRY & ASSOCIATES,DEBIT,STANDARD,US,STANDARD JACK HENRY & ASSOCIATES
546239,"FIDELITY INFORMATION SERVICES, INC.",DEBIT,STANDARD,US,"STANDARD FIDELITY INFORMATION SERVICES, INC."
546249,CENTENNIAL BANK,DEBIT,ENHANCED,US,ENHANCED CENTENNIAL BANK
546309,"BANK OF MISSOURI, THE",CREDIT,WORLD ELITE,US,"WORLD ELITE BANK OF MISSOURI, THE"
546316,MERRICK BANK CORPORATION,CREDIT,PLATINUM,US,PLATINUM MERRICK BANK CORPORATION
546325,"CAPITAL ONE BANK (USA), NATIONAL ASSOCIATION",CREDIT,WORLD,US,"WORLD CAPITAL ONE BANK (USA), NATIONAL ASSOCIATION"
546364,DUTRAC COMMUNITY CREDIT UNION,DEBIT,ENHANCED,US,ENHANCED DUTRAC COMMUNITY CREDIT UNION
546370,FIELD & MAIN BANK,DEBIT,ENHANCED,US,ENHANCED FIELD & MAIN BANK
546377,WEBSTER FIRST FEDERAL CREDIT UNION,DEBIT,ENHANCED,US,ENHANCED WEBSTER FIRST FEDERAL CREDIT UNION
546379,SOUTHSIDE BANK,DEBIT,ENHANCED,US,ENHANCED SOUTHSIDE BANK
546386,CLEARVIEW FEDERAL CREDIT UNION,DEBIT,ENHANCED,US,ENHANCED CLEARVIEW FEDERAL CREDIT UNION
546429,CANANDAIGUA NATIONAL BANK & TRUST COMPANY,DEBIT,ENHANCED,US,ENHANCED CANANDAIGUA NATIONAL BANK & TRUST COMPANY
546505,BMO HARRIS BANK N.A.,DEBIT,WORLD,US,WORLD BMO HARRIS BANK N.A.
546514,"ASSOCIATED BANK, N.A.",DEBIT,WORLD,US,"WORLD ASSOCIATED BANK, N.A."
546533,RENASANT BANK,DEBIT,ENHANCED,US,ENHANCED RENASANT BANK
546548,JACK HENRY & ASSOCIATES,DEBIT,ENHANCED,US,ENHANCED JACK HENRY & ASSOCIATES
546549,BUILTWELL BANK,DEBIT,ENHANCED,US,ENHANCED BUILTWELL BANK
546604,"CHASE BANK USA, N.A.",CREDIT,WORLD,US,"WORLD CHASE BANK USA, N.A."
546617,FIRST NATIONAL BANK OF OMAHA,CREDIT,WORLD,US,WORLD FIRST NATIONAL BANK OF OMAHA
546630,"CAPITAL ONE BANK (USA), NATIONAL ASSOCIATION",CREDIT,WORLD,US,"WORLD CAPITAL ONE BANK (USA), NATIONAL ASSOCIATION"
546632,"BANK OF AMERICA, NATIONAL ASSOCIATION",CREDIT,WORLD,US,"WORLD BANK OF AMERICA, NATIONAL ASSOCIATION"
546633,"BANK OF AMERICA, NATIONAL ASSOCIATION",CREDIT,WORLD,US,"WORLD BANK OF AMERICA, NATIONAL ASSOCIATION"
546634,"BANK OF AMERICA, NATIONAL ASSOCIATION",CREDIT,WORLD,US,"WORLD BANK OF AMERICA, NATIONAL ASSOCIATION"
546638,BARCLAYS BANK DELAWARE,CREDIT,WORLD,US,WORLD BARCLAYS BANK DELAWARE
546641,GOLDMAN SACHS BANK USA,CREDIT,WORLD ELITE,US,WORLD ELITE GOLDMAN SACHS BANK USA
546645,"CREDIT ONE BANK, NATIONAL ASSOCIATION",CREDIT,PLATINUM,US,"PLATINUM CREDIT ONE BANK, NATIONAL ASSOCIATION"
546657,"CHASE BANK USA, N.A.",CREDIT,MIXED PRODUCT,US,"MIXED PRODUCT CHASE BANK USA, N.A."
546676,COMENITY BANK,CREDIT,PLATINUM,US,PLATINUM COMENITY BANK
546680,SYNCHRONY BANK,CREDIT,PLATINUM,US,PLATINUM SYNCHRONY BANK
546700,"FIFTH THIRD BANK, THE",CREDIT,PLATINUM,US,"PLATINUM FIFTH THIRD BANK, THE"
546702,"CAPITAL ONE, NATIONAL ASSOCIATION",CREDIT,PLATINUM,US,"PLATINUM CAPITAL ONE, NATIONAL ASSOCIATION"
547005,JACK HENRY & ASSOCIATES,DEBIT,STANDARD,US,STANDARD JACK HENRY & ASSOCIATES
547182,FIRST COMMONWEALTH BANK,DEBIT,STANDARD,US,STANDARD FIRST COMMONWEALTH BANK
547415,"BANK OF AMERICA, NATIONAL ASSOCIATION",CREDIT,EXECUTIVE BUSINESS,US,"EXECUTIVE BUSINESS BANK OF AMERICA, NATIONAL ASSOCIATION"
547497,"BANK OF AMERICA, NATIONAL ASSOCIATION",CREDIT,EXECUTIVE BUSINESS,US,"EXECUTIVE BUSINESS BANK OF AMERICA, NATIONAL ASSOCIATION"
547608,CU COOPERATIVE SYSTEMS,CREDIT,STANDARD,US,STANDARD CU COOPERATIVE SYSTEMS
547614,BMO HARRIS BANK N.A.,CREDIT,BUSINESS,US,BUSINESS BMO HARRIS BANK N.A.
547725,FIRST NATIONAL BANK OF OMAHA,CREDIT,BUSINESS,US,BUSINESS FIRST NATIONAL BANK OF OMAHA
548011,"SHAZAM, INC.",DEBIT,ENHANCED,US,"ENHANCED SHAZAM, INC."
548015,BAR HARBOR BANK & TRUST COMPANY,DEBIT,BUSINESS,US,BUSINESS BAR HARBOR BANK & TRUST COMPANY
548029,KEYBANK NATIONAL ASSOCIATION,CREDIT,PLATINUM,US,PLATINUM KEYBANK NATIONAL ASSOCIATION
548031,BANK OF THE WEST,CREDIT,GOLD,US,GOLD BANK OF THE WEST
548042,"CAPITAL ONE, NATIONAL ASSOCIATION",CREDIT,MIXED PRODUCT,US,"MIXED PRODUCT CAPITAL ONE, NATIONAL ASSOCIATION"
548043,"CAPITAL ONE, NATIONAL ASSOCIATION",CREDIT,PLATINUM,US,"PLATINUM CAPITAL ONE, NATIONAL ASSOCIATION"
548190,"TRUIST BANKS, INC.",CREDIT,WORLD,US,"WORLD TRUIST BANKS, INC."
548263,"FIFTH THIRD BANK, THE",DEBIT,BUSINESS,US,"BUSINESS FIFTH THIRD BANK, THE"
548693,CU COOPERATIVE SYSTEMS,CREDIT,PLATINUM,US,PLATINUM CU COOPERATIVE SYSTEMS
548955,"CAPITAL ONE BANK (USA), NATIONAL ASSOCIATION",CREDIT,PLATINUM,US,"PLATINUM CAPITAL ONE BANK (USA), NATIONAL ASSOCIATION"
549033,"BANK OF AMERICA, NATIONAL ASSOCIATION",CREDIT,PLATINUM,US,"PLATINUM BANK OF AMERICA, NATIONAL ASSOCIATION"
549035,"BANK OF AMERICA, NATIONAL ASSOCIATION",CREDIT,PLATINUM,US,"PLATINUM BANK OF AMERICA, NATIONAL ASSOCIATION"
549099,"BANK OF AMERICA, NATIONAL ASSOCIATION",CREDIT,PLATINUM,US,"PLATINUM BANK OF AMERICA, NATIONAL ASSOCIATION"
549107,"CAPITAL ONE, NATIONAL ASSOCIATION",CREDIT,PLATINUM,US,"PLATINUM CAPITAL ONE, NATIONAL ASSOCIATION"
549110,"CAPITAL ONE BANK (USA), NATIONAL ASSOCIATION",CREDIT,PLATINUM,US,"PLATINUM CAPITAL ONE BANK (USA), NATIONAL ASSOCIATION"
549113,CITIBANK N.A.,CREDIT,MIXED PRODUCT,US,MIXED PRODUCT CITIBANK N.A.
549149,CITIBANK N.A.,CREDIT,PLATINUM,US,PLATINUM CITIBANK N.A.
549170,"BANK OF AMERICA, NATIONAL ASSOCIATION",DEBIT,ENHANCED,US,"ENHANCED BANK OF AMERICA, NATIONAL ASSOCIATION"
549243,"FIFTH THIRD BANK, THE",CREDIT,GOLD,US,"GOLD FIFTH THIRD BANK, THE"
549428,"CARD SERVICES FOR CREDIT UNIONS, INC.",CREDIT,STANDARD,US,"STANDARD CARD SERVICES FOR CREDIT UNIONS, INC."
549460,CITIBANK N.A.,CREDIT,WORLD,US,WORLD CITIBANK N.A.
549508,"TRELLANCE, INC.",CREDIT,STANDARD,US,"STANDARD TRELLANCE, INC."
549584,"FIFTH THIRD BANK, THE",DEBIT,STANDARD,US,"STANDARD FIFTH THIRD BANK, THE"
549636,EMPOWER FEDERAL CREDIT UNION,DEBIT,ENHANCED,US,ENHANCED EMPOWER FEDERAL CREDIT UNION
549657,GREAT SOUTHERN BANK,DEBIT,STANDARD,US,STANDARD GREAT SOUTHERN BANK
549682,"FISERV SOLUTIONS, LLC",DEBIT,STANDARD,US,"STANDARD FISERV SOLUTIONS, LLC"
549806,"BANK OF MISSOURI, THE",CREDIT,PLATINUM,US,"PLATINUM BANK OF MISSOURI, THE"
549944,GOLDMAN SACHS BANK USA,CREDIT,WORLD ELITE,US,WORLD ELITE GOLDMAN SACHS BANK USA
549945,"CAPITAL ONE, NATIONAL ASSOCIATION",CREDIT,PLATINUM,US,"PLATINUM CAPITAL ONE, NATIONAL ASSOCIATION"
550114,"BANK OF MISSOURI, THE",CREDIT,STANDARD,US,"STANDARD BANK OF MISSOURI, THE"
550325,"FIFTH THIRD BANK, THE",DEBIT,ENHANCED,US,"ENHANCED FIFTH THIRD BANK, THE"
550633,CITIZENS EQUITY FIRST CREDIT UNION,DEBIT,ENHANCED,US,ENHANCED CITIZENS EQUITY FIRST CREDIT UNION
550711,"FISERV SOLUTIONS, LLC",DEBIT,STANDARD,US,"STANDARD FISERV SOLUTIONS, LLC"
550722,"FISERV SOLUTIONS, LLC",DEBIT,ENHANCED,US,"ENHANCED FISERV SOLUTIONS, LLC"
550726,"FISERV SOLUTIONS, LLC",DEBIT,STANDARD,US,"STANDARD FISERV SOLUTIONS, LLC"
550730,"FISERV TRANSACTION SERVICES, LLC",DEBIT,STANDARD,US,"STANDARD FISERV TRANSACTION SERVICES, LLC"
550733,"FISERV SOLUTIONS, LLC",DEBIT,STANDARD,US,"STANDARD FISERV SOLUTIONS, LLC"
550743,4FRONT CREDIT UNION,DEBIT,ENHANCED,US,ENHANCED 4FRONT CREDIT UNION
550755,VELOCITY CREDIT UNION,DEBIT,ENHANCED,US,ENHANCED VELOCITY CREDIT UNION
550770,CITY BANK,DEBIT,ENHANCED,US,ENHANCED CITY BANK
550779,"FIDELITY INFORMATION SERVICES, INC.",DEBIT,STANDARD,US,"STANDARD FIDELITY INFORMATION SERVICES, INC."
550795,"FIFTH THIRD BANK, THE",DEBIT,ENHANCED,US,"ENHANCED FIFTH THIRD BANK, THE"
550798,"FISERV SOLUTIONS, LLC",DEBIT,STANDARD,US,"STANDARD FISERV SOLUTIONS, LLC"
550805,TEG FEDERAL CREDIT UNION,DEBIT,STANDARD,US,STANDARD TEG FEDERAL CREDIT UNION
550806,"DOLLAR BANK, A FEDERAL SAVINGS BANK",DEBIT,STANDARD,US,"STANDARD DOLLAR BANK, A FEDERAL SAVINGS BANK"
550807,"DOLLAR BANK, A FEDERAL SAVINGS BANK",DEBIT,STANDARD,US,"STANDARD DOLLAR BANK, A FEDERAL SAVINGS BANK"
550831,"FIDELITY INFORMATION SERVICES, INC.",DEBIT,ENHANCED,US,"ENHANCED FIDELITY INFORMATION SERVICES, INC."
550860,BERKSHIRE BANK,DEBIT,STANDARD,US,STANDARD BERKSHIRE BANK
550868,"FISERV SOLUTIONS, LLC",DEBIT,STANDARD,US,"STANDARD FISERV SOLUTIONS, LLC"
550870,"COMPUTER SERVICES, INC.",DEBIT,ENHANCED,US,"ENHANCED COMPUTER SERVICES, INC."
550888,ST. MARY'S CREDIT UNION,DEBIT,STANDARD,US,STANDARD ST. MARY'S CREDIT UNION
550895,"FISERV SOLUTIONS, LLC",DEBIT,STANDARD,US,"STANDARD FISERV SOLUTIONS, LLC"
550905,"ICBA BANCARD, INC.",DEBIT,STANDARD,US,"STANDARD ICBA BANCARD, INC."
550934,JACK HENRY & ASSOCIATES,DEBIT,STANDARD,US,STANDARD JACK HENRY & ASSOCIATES
550954,JACK HENRY & ASSOCIATES,DEBIT,STANDARD,US,STANDARD JACK HENRY & ASSOCIATES
550988,COUNTY NATIONAL BANK,DEBIT,STANDARD,US,STANDARD COUNTY NATIONAL BANK
551002,CU COOPERATIVE SYSTEMS,DEBIT,STANDARD,US,STANDARD CU COOPERATIVE SYSTEMS
551007,ENTERPRISE BANK & TRUST,DEBIT,ENHANCED,US,ENHANCED ENTERPRISE BANK & TRUST
551017,"FISERV SOLUTIONS, LLC",DEBIT,STANDARD,US,"STANDARD FISERV SOLUTIONS, LLC"
551044,PROSPERITY BANK,DEBIT,STANDARD,US,STANDARD PROSPERITY BANK
551046,"FIFTH THIRD BANK, THE",DEBIT,ENHANCED,US,"ENHANCED FIFTH THIRD BANK, THE"
551055,"FIDELITY INFORMATION SERVICES, INC.",DEBIT,STANDARD,US,"STANDARD FIDELITY INFORMATION SERVICES, INC."
551056,PEN AIR FEDERAL CREDIT UNION,DEBIT,ENHANCED,US,ENHANCED PEN AIR FEDERAL CREDIT UNION
551072,"FIDELITY INFORMATION SERVICES, INC.",DEBIT,STANDARD,US,"STANDARD FIDELITY INFORMATION SERVICES, INC."
551088,"TRELLANCE, INC.",DEBIT,ENHANCED,US,"ENHANCED TRELLANCE, INC."
551104,"FIFTH THIRD BANK, THE",DEBIT,ENHANCED,US,"ENHANCED FIFTH THIRD BANK, THE"
551105,CU COOPERATIVE SYSTEMS,DEBIT,ENHANCED,US,ENHANCED CU COOPERATIVE SYSTEMS
551110,JACK HENRY & ASSOCIATES,DEBIT,ENHANCED,US,ENHANCED JACK HENRY & ASSOCIATES
551117,ERIE FEDERAL CREDIT UNION,DEBIT,STANDARD,US,STANDARD ERIE FEDERAL CREDIT UNION
551118,"FIFTH THIRD BANK, THE",DEBIT,ENHANCED,US,"ENHANCED FIFTH THIRD BANK, THE"
551128,"SHAZAM, INC.",DEBIT,ENHANCED,US,"ENHANCED SHAZAM, INC."
551129,"SHAZAM, INC.",DEBIT,ENHANCED,US,"ENHANCED SHAZAM, INC."
551142,JACK HENRY & ASSOCIATES,DEBIT,ENHANCED,US,ENHANCED JACK HENRY & ASSOCIATES
551144,"FISERV TRANSACTION SERVICES, LLC",DEBIT,STANDARD,US,"STANDARD FISERV TRANSACTION SERVICES, LLC"
551147,"FISERV SOLUTIONS, LLC",DEBIT,STANDARD,US,"STANDARD FISERV SOLUTIONS, LLC"
551151,"FISERV SOLUTIONS, LLC",DEBIT,ENHANCED,US,"ENHANCED FISERV SOLUTIONS, LLC"
551158,THE VILLAGE BANK,DEBIT,ENHANCED,US,ENHANCED THE VILLAGE BANK
551162,JACK HENRY & ASSOCIATES,DEBIT,STANDARD,US,STANDARD JACK HENRY & ASSOCIATES
551174,GREENFIELD SAVINGS BANK,DEBIT,STANDARD,US,STANDARD GREENFIELD SAVINGS BANK
551178,CU COOPERATIVE SYSTEMS,DEBIT,STANDARD,US,STANDARD CU COOPERATIVE SYSTEMS
551187,JACK HENRY & ASSOCIATES,DEBIT,STANDARD,US,STANDARD JACK HENRY & ASSOCIATES
551195,"FIDELITY INFORMATION SERVICES, INC.",DEBIT,STANDARD,US,"STANDARD FIDELITY INFORMATION SERVICES, INC."
551215,DFCU FINANCIAL,DEBIT,ENHANCED,US,ENHANCED DFCU FINANCIAL
551220,"FIFTH THIRD BANK, THE",DEBIT,ENHANCED,US,"ENHANCED FIFTH THIRD BANK, THE"
551252,"FIDELITY INFORMATION SERVICES, INC.",DEBIT,STANDARD,US,"STANDARD FIDELITY INFORMATION SERVICES, INC."
551254,"FISERV SOLUTIONS, LLC",DEBIT,STANDARD,US,"STANDARD FISERV SOLUTIONS, LLC"
551257,BANGOR SAVINGS BANK,DEBIT,STANDARD,US,STANDARD BANGOR SAVINGS BANK
551258,"FIFTH THIRD BANK, THE",DEBIT,ENHANCED,US,"ENHANCED FIFTH THIRD BANK, THE"
551263,GREENSTATE CREDIT UNION,DEBIT,ENHANCED,US,ENHANCED GREENSTATE CREDIT UNION
551266,"ICBA BANCARD, INC.",DEBIT,STANDARD,US,"STANDARD ICBA BANCARD, INC."
551285,"FISERV SOLUTIONS, LLC",DEBIT,STANDARD,US,"STANDARD FISERV SOLUTIONS, LLC"
551287,"FIDELITY INFORMATION SERVICES, INC.",DEBIT,ENHANCED,US,"ENHANCED FIDELITY INFORMATION SERVICES, INC."
551296,JACK HENRY & ASSOCIATES,DEBIT,ENHANCED,US,ENHANCED JACK HENRY & ASSOCIATES
551310,"FIFTH THIRD BANK, THE",DEBIT,ENHANCED,US,"ENHANCED FIFTH THIRD BANK, THE"
551316,"FISERV SOLUTIONS, LLC",DEBIT,STANDARD,US,"STANDARD FISERV SOLUTIONS, LLC"
551330,JACK HENRY & ASSOCIATES,DEBIT,ENHANCED,US,ENHANCED JACK HENRY & ASSOCIATES
551336,PSCU INCORPORATED,DEBIT,ENHANCED,US,ENHANCED PSCU INCORPORATED
551338,PREMIER BANK,DEBIT,STANDARD,US,STANDARD PREMIER BANK
551352,"FISERV SOLUTIONS, LLC",DEBIT,STANDARD,US,"STANDARD FISERV SOLUTIONS, LLC"
551359,SAVERS CO-OPERATIVE BANK,DEBIT,STANDARD,US,STANDARD SAVERS CO-OPERATIVE BANK
551362,"ICBA BANCARD, INC.",DEBIT,STANDARD,US,"STANDARD ICBA BANCARD, INC."
551363,PHOENIXVILLE FEDERAL BANK AND TRUST,DEBIT,STANDARD,US,STANDARD PHOENIXVILLE FEDERAL BANK AND TRUST
551384,"FISERV SOLUTIONS, LLC",DEBIT,ENHANCED,US,"ENHANCED FISERV SOLUTIONS, LLC"
551385,"FISERV TRANSACTION SERVICES, LLC",DEBIT,STANDARD,US,"STANDARD FISERV TRANSACTION SERVICES, LLC"
551423,"FISERV SOLUTIONS, LLC",DEBIT,STANDARD,US,"STANDARD FISERV SOLUTIONS, LLC"
551430,"FISERV TRANSACTION SERVICES, LLC",DEBIT,STANDARD,US,"STANDARD FISERV TRANSACTION SERVICES, LLC"
551437,"FISERV TRANSACTION SERVICES, LLC",DEBIT,STANDARD,US,"STANDARD FISERV TRANSACTION SERVICES, LLC"
551445,"FIDELITY INFORMATION SERVICES, INC.",DEBIT,STANDARD,US,"STANDARD FIDELITY INFORMATION SERVICES, INC."
551462,"FISERV SOLUTIONS, LLC",DEBIT,STANDARD,US,"STANDARD FISERV SOLUTIONS, LLC"
551476,"FIDELITY INFORMATION SERVICES, INC.",DEBIT,STANDARD,US,"STANDARD FIDELITY INFORMATION SERVICES, INC."
551481,"FISERV TRANSACTION SERVICES, LLC",DEBIT,STANDARD,US,"STANDARD FISERV TRANSACTION SERVICES, LLC"
551486,JACK HENRY & ASSOCIATES,DEBIT,STANDARD,US,STANDARD JACK HENRY & ASSOCIATES
551493,"FIDELITY INFORMATION SERVICES, INC.",DEBIT,STANDARD,US,"STANDARD FIDELITY INFORMATION SERVICES, INC."
551504,"FIDELITY INFORMATION SERVICES, INC.",DEBIT,STANDARD,US,"STANDARD FIDELITY INFORMATION SERVICES, INC."
551512,FIRST COMMAND BANK,DEBIT,STANDARD,US,STANDARD FIRST COMMAND BANK
551524,"FIDELITY INFORMATION SERVICES, INC.",DEBIT,ENHANCED,US,"ENHANCED FIDELITY INFORMATION SERVICES, INC."
551554,"FARMERS & MERCHANTS STATE BANK, THE",DEBIT,STANDARD,US,"STANDARD FARMERS & MERCHANTS STATE BANK, THE"
551563,SOMERSET TRUST COMPANY,DEBIT,ENHANCED,US,ENHANCED SOMERSET TRUST COMPANY
551591,"FISERV SOLUTIONS, LLC",DEBIT,STANDARD,US,"STANDARD FISERV SOLUTIONS, LLC"
551611,CENTRA CREDIT UNION,DEBIT,ENHANCED,US,ENHANCED CENTRA CREDIT UNION
551612,"FISERV SOLUTIONS, LLC",DEBIT,STANDARD,US,"STANDARD FISERV SOLUTIONS, LLC"
551623,"FISERV SOLUTIONS, LLC",DEBIT,STANDARD,US,"STANDARD FISERV SOLUTIONS, LLC"
551646,"COMPUTER SERVICES, INC.",DEBIT,ENHANCED,US,"ENHANCED COMPUTER SERVICES, INC."
551672,CITIZENS NATIONAL BANK OF SOMERSET,DEBIT,STANDARD,US,STANDARD CITIZENS NATIONAL BANK OF SOMERSET
551696,"FIDELITY INFORMATION SERVICES, INC.",DEBIT,STANDARD,US,"STANDARD FIDELITY INFORMATION SERVICES, INC."
551701,FIRST FINANCIAL CREDIT UNION,DEBIT,ENHANCED,US,ENHANCED FIRST FINANCIAL CREDIT UNION
551704,"FISERV SOLUTIONS, LLC",DEBIT,STANDARD,US,"STANDARD FISERV SOLUTIONS, LLC"
551731,COBALT CREDIT UNION,DEBIT,ENHANCED,US,ENHANCED COBALT CREDIT UNION
551733,CADENCE BANK,DEBIT,STANDARD,US,STANDARD CADENCE BANK
551737,JACK HENRY & ASSOCIATES,DEBIT,ENHANCED,US,ENHANCED JACK HENRY & ASSOCIATES
551740,"FISERV SOLUTIONS, LLC",DEBIT,ENHANCED,US,"ENHANCED FISERV SOLUTIONS, LLC"
551746,"FISERV SOLUTIONS, LLC",DEBIT,STANDARD,US,"STANDARD FISERV SOLUTIONS, LLC"
551750,"FIFTH THIRD BANK, THE",DEBIT,STANDARD,US,"STANDARD FIFTH THIRD BANK, THE"
551756,"FIDELITY INFORMATION SERVICES, INC.",DEBIT,ENHANCED,US,"ENHANCED FIDELITY INFORMATION SERVICES, INC."
551769,"COMPUTER SERVICES, INC.",DEBIT,ENHANCED,US,"ENHANCED COMPUTER SERVICES, INC."
551782,JACK HENRY & ASSOCIATES,DEBIT,STANDARD,US,STANDARD JACK HENRY & ASSOCIATES
551797,"FISERV SOLUTIONS, LLC",DEBIT,STANDARD,US,"STANDARD FISERV SOLUTIONS, LLC"
551801,"FISERV SOLUTIONS, LLC",DEBIT,STANDARD,US,"STANDARD FISERV SOLUTIONS, LLC"
551814,MEMBERS FIRST CREDIT UNION,DEBIT,STANDARD,US,STANDARD MEMBERS FIRST CREDIT UNION
551820,"FISERV SOLUTIONS, LLC",DEBIT,STANDARD,US,"STANDARD FISERV SOLUTIONS, LLC"
551846,JACK HENRY & ASSOCIATES,DEBIT,ENHANCED,US,ENHANCED JACK HENRY & ASSOCIATES
551851,"FIFTH THIRD BANK, THE",DEBIT,STANDARD,US,"STANDARD FIFTH THIRD BANK, THE"
551863,"FISERV SOLUTIONS, LLC",DEBIT,STANDARD,US,"STANDARD FISERV SOLUTIONS, LLC"
551880,"FISERV SOLUTIONS, LLC",DEBIT,STANDARD,US,"STANDARD FISERV SOLUTIONS, LLC"
551902,"FISERV SOLUTIONS, LLC",DEBIT,STANDARD,US,"STANDARD FISERV SOLUTIONS, LLC"
551906,"FISERV SOLUTIONS, LLC",DEBIT,STANDARD,US,"STANDARD FISERV SOLUTIONS, LLC"
551912,"FISERV TRANSACTION SERVICES, LLC",DEBIT,STANDARD,US,"STANDARD FISERV TRANSACTION SERVICES, LLC"
551920,COUNTRY BANK FOR SAVINGS,DEBIT,STANDARD,US,STANDARD COUNTRY BANK FOR SAVINGS
551938,"FIDELITY INFORMATION SERVICES, INC.",DEBIT,ENHANCED,US,"ENHANCED FIDELITY INFORMATION SERVICES, INC."
552030,GOLDMAN SACHS BANK USA,CREDIT,WORLD ELITE,US,WORLD ELITE GOLDMAN SACHS BANK USA
552225,U.S. BANK NATIONAL ASSOCIATION,CREDIT,PLATINUM,US,PLATINUM U.S. BANK NATIONAL ASSOCIATION
552257,FIRST NATIONAL BANK OF OMAHA,CREDIT,WORLD,US,WORLD FIRST NATIONAL BANK OF OMAHA
552318,GOLDMAN SACHS BANK USA,CREDIT,WORLD ELITE,US,WORLD ELITE GOLDMAN SACHS BANK USA
552321,BARCLAYS BANK DELAWARE,CREDIT,WORLD,US,WORLD BARCLAYS BANK DELAWARE
552322,BARCLAYS BANK DELAWARE,CREDIT,WORLD,US,WORLD BARCLAYS BANK DELAWARE
552330,SYNCHRONY BANK,CREDIT,PLATINUM,US,PLATINUM SYNCHRONY BANK
552356,KEYBANK NATIONAL ASSOCIATION,CREDIT,WORLD,US,WORLD KEYBANK NATIONAL ASSOCIATION
552368,U.S. BANK NATIONAL ASSOCIATION,CREDIT,WORLD,US,WORLD U.S. BANK NATIONAL ASSOCIATION
552379,FIRST NATIONAL BANK OF OMAHA,CREDIT,WORLD,US,WORLD FIRST NATIONAL BANK OF OMAHA
552393,"TRUIST BANKS, INC.",CREDIT,WORLD,US,"WORLD TRUIST BANKS, INC."
552417,FIRST NATIONAL BANK OF OMAHA,CREDIT,WORLD,US,WORLD FIRST NATIONAL BANK OF OMAHA
552426,"BANK OF AMERICA, NATIONAL ASSOCIATION",CREDIT,WORLD,US,"WORLD BANK OF AMERICA, NATIONAL ASSOCIATION"
552430,"SANTANDER BANK, NA",CREDIT,WORLD,US,"WORLD SANTANDER BANK, NA"
552433,"BANK OF AMERICA, NATIONAL ASSOCIATION",CREDIT,WORLD,US,"WORLD BANK OF AMERICA, NATIONAL ASSOCIATION"
552448,HUNTINGTON NATIONAL BANK,CREDIT,WORLD,US,WORLD HUNTINGTON NATIONAL BANK
552449,BARCLAYS BANK DELAWARE,CREDIT,WORLD,US,WORLD BARCLAYS BANK DELAWARE
552465,U.S. BANK NATIONAL ASSOCIATION,CREDIT,WORLD,US,WORLD U.S. BANK NATIONAL ASSOCIATION
552475,"CHASE BANK USA, N.A.",CREDIT,PLATINUM,US,"PLATINUM CHASE BANK USA, N.A."
552479,CITIBANK N.A.,CREDIT,WORLD ELITE,US,WORLD ELITE CITIBANK N.A.
552486,BARCLAYS BANK DELAWARE,CREDIT,WORLD ELITE,US,WORLD ELITE BARCLAYS BANK DELAWARE
552499,HUNTINGTON NATIONAL BANK,CREDIT,WORLD,US,WORLD HUNTINGTON NATIONAL BANK
552736,BARCLAYS BANK DELAWARE,CREDIT,PLATINUM,US,PLATINUM BARCLAYS BANK DELAWARE
552851,"CAPITAL ONE BANK (USA), NATIONAL ASSOCIATION",CREDIT,PROFESSIONAL,US,"PROFESSIONAL CAPITAL ONE BANK (USA), NATIONAL ASSOCIATION"
552869,"CAPITAL ONE BANK (USA), NATIONAL ASSOCIATION",CREDIT,WORLD ELITE FOR BUSINESS,US,"WORLD ELITE FOR BUSINESS CAPITAL ONE BANK (USA), NATIONAL ASSOCIATION"
553129,MARION & POLK SCHOOLS CREDIT UNION,CREDIT,BUSINESS,US,BUSINESS MARION & POLK SCHOOLS CREDIT UNION
553293,PINNACLE BANK,CREDIT,CORPORATE FLEET,US,CORPORATE FLEET PINNACLE BANK
553469,BARCLAYS BANK DELAWARE,CREDIT,PLATINUM,US,PLATINUM BARCLAYS BANK DELAWARE
553489,"FISERV SOLUTIONS, LLC",DEBIT,BUSINESS,US,"BUSINESS FISERV SOLUTIONS, LLC"
553680,KEYBANK NATIONAL ASSOCIATION,DEBIT,WORLD,US,WORLD KEYBANK NATIONAL ASSOCIATION
553681,"FIFTH THIRD BANK, THE",DEBIT,WORLD,US,"WORLD FIFTH THIRD BANK, THE"
553700,"FISERV SOLUTIONS, LLC",DEBIT,STANDARD,US,"STANDARD FISERV SOLUTIONS, LLC"
553701,"FISERV SOLUTIONS, LLC",DEBIT,STANDARD,US,"STANDARD FISERV SOLUTIONS, LLC"
553702,"FISERV SOLUTIONS, LLC",DEBIT,STANDARD,US,"STANDARD FISERV SOLUTIONS, LLC"
553728,PSCU INCORPORATED,DEBIT,ENHANCED,US,ENHANCED PSCU INCORPORATED
553740,"FIFTH THIRD BANK, THE",DEBIT,ENHANCED,US,"ENHANCED FIFTH THIRD BANK, THE"
553743,DUPACO COMMUNITY CREDIT UNION,DEBIT,STANDARD,US,STANDARD DUPACO COMMUNITY CREDIT UNION
553744,CALIFORNIA COAST CREDIT UNION,DEBIT,ENHANCED,US,ENHANCED CALIFORNIA COAST CREDIT UNION
553754,"FISERV SOLUTIONS, LLC",DEBIT,STANDARD,US,"STANDARD FISERV SOLUTIONS, LLC"
553786,JACK HENRY & ASSOCIATES,DEBIT,ENHANCED,US,ENHANCED JACK HENRY & ASSOCIATES
553818,"FISERV SOLUTIONS, LLC",DEBIT,STANDARD,US,"STANDARD FISERV SOLUTIONS, LLC"
553842,"FIDELITY INFORMATION SERVICES, INC.",DEBIT,ENHANCED,US,"ENHANCED FIDELITY INFORMATION SERVICES, INC."
553851,"FIFTH THIRD BANK, THE",DEBIT,ENHANCED,US,"ENHANCED FIFTH THIRD BANK, THE"
553859,"FIDELITY INFORMATION SERVICES, INC.",DEBIT,ENHANCED,US,"ENHANCED FIDELITY INFORMATION SERVICES, INC."
553861,DIETERICH BANK,DEBIT,ENHANCED,US,ENHANCED DIETERICH BANK
553903,"FIFTH THIRD BANK, THE",DEBIT,STANDARD,US,"STANDARD FIFTH THIRD BANK, THE"
553907,CU COOPERATIVE SYSTEMS,DEBIT,STANDARD,US,STANDARD CU COOPERATIVE SYSTEMS
553913,"FIFTH THIRD BANK, THE",DEBIT,ENHANCED,US,"ENHANCED FIFTH THIRD BANK, THE"
553971,"FISERV SOLUTIONS, LLC",DEBIT,STANDARD,US,"STANDARD FISERV SOLUTIONS, LLC"
553981,"AUSTIN BANK, TEXAS, N.A.",DEBIT,STANDARD,US,"STANDARD AUSTIN BANK, TEXAS, N.A."
554004,"SOUTH STATE BANK, N.A.",DEBIT,PREPAID RELOADABLE,US,"PREPAID RELOADABLE SOUTH STATE BANK, N.A."
554012,SIDNEY FEDERAL CREDIT UNION,DEBIT,ENHANCED,US,ENHANCED SIDNEY FEDERAL CREDIT UNION
554063,"FISERV SOLUTIONS, LLC",DEBIT,ENHANCED,US,"ENHANCED FISERV SOLUTIONS, LLC"
554085,COMMUNITY CHOICE CREDIT UNION,DEBIT,ENHANCED,US,ENHANCED COMMUNITY CHOICE CREDIT UNION
554320,"FISERV SOLUTIONS, LLC",DEBIT,ENHANCED,US,"ENHANCED FISERV SOLUTIONS, LLC"
554356,"CAPITAL ONE BANK (USA), NATIONAL ASSOCIATION",CREDIT,PLATINUM,US,"PLATINUM CAPITAL ONE BANK (USA), NATIONAL ASSOCIATION"
554462,BMO HARRIS BANK N.A.,CREDIT,STANDARD,US,STANDARD BMO HARRIS BANK N.A.
554486,"SHAZAM, INC.",CREDIT,PLATINUM,US,"PLATINUM SHAZAM, INC."
554514,"CITIZENS BANK, N.A.",CREDIT,PLATINUM,US,"PLATINUM CITIZENS BANK, N.A."
554836,DFCU FINANCIAL,CREDIT,PLATINUM,US,PLATINUM DFCU FINANCIAL
554884,CLEAR MOUNTAIN BANK,DEBIT,ENHANCED,US,ENHANCED CLEAR MOUNTAIN BANK
555426,"METABANK, NATIONAL ASSOCIATION",DEBIT,PREPAID RELOADABLE,US,"PREPAID RELOADABLE METABANK, NATIONAL ASSOCIATION"
555461,DATA CENTER INCORPORATED,DEBIT,ENHANCED,US,ENHANCED DATA CENTER INCORPORATED
555624,DATA CENTER INCORPORATED,DEBIT,ENHANCED,US,ENHANCED DATA CENTER INCORPORATED
555687,"FISERV SOLUTIONS, LLC",DEBIT,ENHANCED,US,"ENHANCED FISERV SOLUTIONS, LLC"
555744,AMERICAN MOMENTUM BANK,DEBIT,ENHANCED,US,ENHANCED AMERICAN MOMENTUM BANK
555753,SUTTON BANK,DEBIT,WORLD,US,WORLD SUTTON BANK
555832,CAMPUS USA CREDIT UNION,DEBIT,ENHANCED,US,ENHANCED CAMPUS USA CREDIT UNION
556053,SYNCHRONY BANK,CREDIT,BUSINESS,US,BUSINESS SYNCHRONY BANK
557127,CITIBANK N.A.,DEBIT,BUSINESS,US,BUSINESS CITIBANK N.A.
557157,"FIFTH THIRD BANK, THE",DEBIT,BUSINESS,US,"BUSINESS FIFTH THIRD BANK, THE"
557230,"FIDELITY INFORMATION SERVICES, INC.",DEBIT,BUSINESS,US,"BUSINESS FIDELITY INFORMATION SERVICES, INC."
557308,JACK HENRY & ASSOCIATES,DEBIT,BUSINESS,US,BUSINESS JACK HENRY & ASSOCIATES
557553,BANGOR SAVINGS BANK,DEBIT,ENHANCED,US,ENHANCED BANGOR SAVINGS BANK
557615,"BREMER BANK, N.A.",DEBIT,ENHANCED,US,"ENHANCED BREMER BANK, N.A."
557619,MISSION FEDERAL CREDIT UNION,DEBIT,ENHANCED,US,ENHANCED MISSION FEDERAL CREDIT UNION
557729,CITIBANK N.A.,CREDIT,WORLD ELITE FOR BUSINESS,US,WORLD ELITE FOR BUSINESS CITIBANK N.A.
557867,"CAPITAL ONE BANK (USA), NATIONAL ASSOCIATION",CREDIT,WORLD ELITE FOR BUSINESS,US,"WORLD ELITE FOR BUSINESS CAPITAL ONE BANK (USA), NATIONAL ASSOCIATION"
557953,"TRELLANCE, INC.",CREDIT,STANDARD,US,"STANDARD TRELLANCE, INC."
558098,BMO HARRIS BANK N.A.,DEBIT,BUSINESS,US,BUSINESS BMO HARRIS BANK N.A.
558118,CADENCE BANK,DEBIT,BUSINESS,US,BUSINESS CADENCE BANK
558158,"BANCORP BANK, THE",DEBIT,BUSINESS,US,"BUSINESS BANCORP BANK, THE"
558204,STOCK YARDS BANK & TRUST COMPANY,DEBIT,BUSINESS,US,BUSINESS STOCK YARDS BANK & TRUST COMPANY
558650,"CAPITAL ONE BANK (USA), NATIONAL ASSOCIATION",CREDIT,WORLD,US,"WORLD CAPITAL ONE BANK (USA), NATIONAL ASSOCIATION"
558663,"CAPITAL ONE BANK (USA), NATIONAL ASSOCIATION",CREDIT,BUSINESS,US,"BUSINESS CAPITAL ONE BANK (USA), NATIONAL ASSOCIATION"
559309,BARCLAYS BANK DELAWARE,CREDIT,WORLD,US,WORLD BARCLAYS BANK DELAWARE
559330,CREDIT FIRST NATIONAL ASSOCIATION,CREDIT,PLATINUM,US,PLATINUM CREDIT FIRST NATIONAL ASSOCIATION
559332,"FIFTH THIRD BANK, THE",CREDIT,WORLD,US,"WORLD FIFTH THIRD BANK, THE"
559425,JACK HENRY & ASSOCIATES,DEBIT,ENHANCED,US,ENHANCED JACK HENRY & ASSOCIATES
559427,PINNACLE BANK,DEBIT,ENHANCED,US,ENHANCED PINNACLE BANK
559428,PINNACLE BANK,DEBIT,ENHANCED,US,ENHANCED PINNACLE BANK
559430,JACK HENRY & ASSOCIATES,DEBIT,ENHANCED,US,ENHANCED JACK HENRY & ASSOCIATES
559460,CU COOPERATIVE SYSTEMS,DEBIT,ENHANCED,US,ENHANCED CU COOPERATIVE SYSTEMS
559551,FIRST NATIONAL BANK OF OMAHA,CREDIT,WORLD,US,WORLD FIRST NATIONAL BANK OF OMAHA
559591,BARCLAYS BANK DELAWARE,CREDIT,WORLD,US,WORLD BARCLAYS BANK DELAWARE
559641,"FIFTH THIRD BANK, THE",DEBIT,ENHANCED,US,"ENHANCED FIFTH THIRD BANK, THE"
559642,"BOKF, NATIONAL ASSOCIATION",DEBIT,ENHANCED,US,"ENHANCED BOKF, NATIONAL ASSOCIATION"
559758,COMERICA BANK,DEBIT,PREPAID GOVERNMENT,US,PREPAID GOVERNMENT COMERICA BANK
559767,CU COOPERATIVE SYSTEMS,DEBIT,ENHANCED,US,ENHANCED CU COOPERATIVE SYSTEMS
559832,BARCLAYS BANK DELAWARE,CREDIT,PLATINUM,US,PLATINUM BARCLAYS BANK DELAWARE
559910,CU COOPERATIVE SYSTEMS,DEBIT,STANDARD,US,STANDARD CU COOPERATIVE SYSTEMS
559920,INDEPENDENT BANK,DEBIT,ENHANCED,US,ENHANCED INDEPENDENT BANK
559985,COMMUNITY FINANCIAL CREDIT UNION,DEBIT,ENHANCED,US,ENHANCED COMMUNITY FINANCIAL CREDIT UNION
559996,BMO HARRIS BANK N.A.,CREDIT,WORLD,US,WORLD BMO HARRIS BANK N.A.
601100,DISCOVER BANK,CREDIT,PERSONAL,US,PERSONAL DISCOVER BANK
601101,DISCOVER BANK,CREDIT,PERSONAL,US,PERSONAL DISCOVER BANK
601120,DISCOVER BANK,CREDIT,PERSONAL,US,PERSONAL DISCOVER BANK
601129,DISCOVER BANK,CREDIT,PERSONAL,US,PERSONAL DISCOVER BANK
601130,DISCOVER BANK,CREDIT,PERSONAL,US,PERSONAL DISCOVER BANK
601139,DISCOVER BANK,CREDIT,PERSONAL,US,PERSONAL DISCOVER BANK
601142,DISCOVER BANK,CREDIT,PERSONAL,US,PERSONAL DISCOVER BANK
601148,DISCOVER BANK,CREDIT,PERSONAL,US,PERSONAL DISCOVER BANK
601149,DISCOVER BANK,CREDIT,PERSONAL,US,PERSONAL DISCOVER BANK
601193,DISCOVER BANK,CREDIT,PERSONAL,US,PERSONAL DISCOVER BANK
601198,DISCOVER BANK,CREDIT,PERSONAL,US,PERSONAL DISCOVER BANK
